"eagle eye (2008)","89"
"walk hard: the dewey cox story (2007)","80"
"the simpsons movie (2007)","73"
"runaway jury (2003)","71"
"flags of our fathers (2006)","71"
"spider-man 3 (2007)","70"
"traffic (2000)","69"
"for your consideration (2006)","68"
"new york, i love you (2009)","67"
"grindhouse (2007)","65"
"x-men: the last stand (2006)","64"
"the curious case of benjamin button (2008)","63"
"world trade center (2006)","63"
"the dark knight (2008)","61"
"spider-man 2 (2004)","60"
"the departed (2006)","60"
"harry potter and the order of the phoenix (2007)","59"
"public enemies (2009)","59"
"american gangster (2007)","58"
"catch me if you can (2002)","58"
"transformers (2007)","58"
"ocean's thirteen (2007)","58"
"national treasure: book of secrets (2007)","56"
"sin city (2005)","55"
"the animatrix (2003)","54"
"state of play (2009)","54"
"the soloist (2009)","54"
"run ronnie run (2002)","54"
"the express (2008)","53"
"austin powers in goldmember (2002)","53"
"transformers: revenge of the fallen (2009)","53"
"minority report (2002)","53"
"war of the worlds (2005)","52"
"what just happened (2008)","52"
"harry potter and the chamber of secrets (2002)","51"
"harry potter and the prisoner of azkaban (2004)","51"
"x2 (2003)","51"
"star trek (2009)","51"
"harry potter and the goblet of fire (2005)","51"
"bobby (2006)","49"
"yes man (2008)","49"
"the haunted world of el superbeasto (2009)","49"
"he's just not that into you (2009)","48"
"cars (2006)","48"
"pirates of the caribbean: at world's end (2007)","48"
"pirates of the caribbean: dead man's chest (2006)","48"
"enchanted (2007)","48"
"across the universe (2007)","48"
"invincible (2006)","47"
"the taking of pelham 1 2 3 (2009)","47"
"the terminal (2004)","47"
"syriana (2005)","47"
"the island (2005)","47"
"deja vu (2006)","47"
"harry potter and the half-blood prince (2009)","47"
"the good shepherd (2006)","46"
"i love you phillip morris (2009)","46"
"synecdoche, new york (2008)","46"
"glory road (2006)","46"
"live free or die hard (2007)","46"
"ocean's twelve (2004)","46"
"horton hears a who! (2008)","45"
"changing lanes (2002)","45"
"the manchurian candidate (2004)","45"
"anchorman: the legend of ron burgundy (2004)","45"
"almost famous (2000)","45"
"american pie 2 (2001)","45"
"the aviator (2004)","45"
"cold mountain (2003)","45"
"shrek the third (2007)","45"
"harry potter and the sorcerer's stone (2001)","44"
"charlie wilson's war (2007)","44"
"fun with dick and jane (2005)","43"
"kinsey (2004)","43"
"collateral (2004)","43"
"starsky & hutch (2004)","43"
"artificial intelligence: ai (2001)","43"
"national treasure (2004)","43"
"spider-man (2002)","43"
"ocean's eleven (2001)","43"
"tropic thunder (2008)","43"
"the interpreter (2005)","42"
"mystic river (2003)","42"
"going to pieces: the rise and fall of the slasher film (2006)","42"
"the alibi (2006)","42"
"the bad lieutenant: port of call - new orleans (2009)","42"
"harold & kumar escape from guantanamo bay (2008)","41"
"beyond all boundaries (2009)","41"
"the lord of the rings: the return of the king (2003)","41"
"find me guilty (2006)","41"
"black hawk down (2001)","41"
"the invasion (2007)","41"
"righteous kill (2008)","41"
"duplicity (2009)","41"
"the hoax (2006)","41"
"the laramie project (2002)","41"
"in the valley of elah (2007)","41"
"cirque du freak: the vampire's assistant (2009)","40"
"pineapple express (2008)","40"
"leatherheads (2008)","40"
"the producers (2005)","40"
"iron man (2008)","40"
"ice age: the meltdown (2006)","40"
"changeling (2008)","40"
"red dragon (2002)","40"
"knocked up (2007)","39"
"lords of dogtown (2005)","39"
"mission: impossible iii (2006)","39"
"thirteen days (2000)","39"
"the tv set (2006)","39"
"bruce almighty (2003)","39"
"the 40 year old virgin (2005)","39"
"a mighty wind (2003)","39"
"night at the museum: battle of the smithsonian (2009)","39"
"vanilla sky (2001)","39"
"i now pronounce you chuck & larry (2007)","39"
"michael clayton (2007)","39"
"the grand (2007)","39"
"burn after reading (2008)","39"
"fanboys (2008)","39"
"the day after tomorrow (2004)","39"
"heartbreakers (2001)","38"
"a christmas carol (2009)","38"
"get smart (2008)","38"
"madagascar: escape 2 africa (2008)","38"
"21 (2008)","38"
"best in show (2000)","38"
"the spongebob squarepants movie (2004)","37"
"the men who stare at goats (2009)","37"
"what doesn't kill you (2008)","37"
"angels & demons (2009)","37"
"talladega nights: the ballad of ricky bobby (2006)","37"
"the hitchhiker's guide to the galaxy (2005)","37"
"a lot like love (2005)","37"
"ali (2001)","37"
"the astronaut farmer (2006)","37"
"gone in sixty seconds (2000)","37"
"i'm not there. (2007)","37"
"the sum of all fears (2002)","37"
"the bourne ultimatum (2007)","37"
"north country (2005)","36"
"the lord of the rings: the two towers (2002)","36"
"the lord of the rings: the fellowship of the ring (2001)","36"
"happy feet (2006)","36"
"the man who wasn't there (2001)","36"
"monsters vs aliens (2009)","36"
"gods and generals (2003)","36"
"cinderella man (2005)","36"
"13 going on 30 (2004)","36"
"lemony snicket's a series of unfortunate events (2004)","35"
"the private lives of pippa lee (2009)","35"
"the royal tenenbaums (2001)","35"
"thank you for smoking (2005)","35"
"hannibal (2001)","35"
"zoolander (2001)","35"
"x-men (2000)","35"
"bedtime stories (2008)","35"
"miami vice (2006)","35"
"the yards (2000)","35"
"the united states of leland (2003)","35"
"big fish (2003)","35"
"winged creatures (2008)","35"
"wedding crashers (2005)","35"
"the incredible hulk (2008)","35"
"old school (2003)","35"
"cellular (2004)","35"
"the dead girl (2006)","35"
"anger management (2003)","34"
"batman begins (2005)","34"
"the wrestler (2008)","34"
"school for scoundrels (2006)","34"
"the rebound (2009)","34"
"blades of glory (2007)","34"
"the nanny diaries (2007)","34"
"the onion movie (2008)","34"
"body of lies (2008)","34"
"crank: high voltage (2009)","34"
"marilyn hotchkiss' ballroom dancing & charm school (2005)","34"
"surf's up (2007)","34"
"rent (2005)","34"
"shutter island (2010)","33"
"definitely, maybe (2008)","33"
"wristcutters: a love story (2006)","33"
"battle in seattle (2007)","33"
"the brave one (2007)","33"
"julie & julia (2009)","33"
"the pledge (2001)","33"
"all the king's men (2006)","33"
"terra (2007)","33"
"elf (2003)","33"
"american violet (2008)","33"
"watchmen (2009)","33"
"before the devil knows you're dead (2007)","33"
"remember the titans (2000)","33"
"the sisterhood of the traveling pants 2 (2008)","33"
"the great buck howard (2008)","33"
"gosford park (2001)","33"
"dodgeball: a true underdog story (2004)","33"
"mona lisa smile (2003)","33"
"law abiding citizen (2009)","33"
"street kings (2008)","33"
"melinda and melinda (2004)","33"
"hancock (2008)","33"
"ladder 49 (2004)","33"
"after the sunset (2004)","33"
"art school confidential (2006)","33"
"wild hogs (2007)","32"
"robots (2005)","32"
"bee movie (2007)","32"
"monsters, inc. (2001)","32"
"funny people (2009)","32"
"step brothers (2008)","32"
"we own the night (2007)","32"
"imaginary heroes (2004)","31"
"pirates of the caribbean: the curse of the black pearl (2003)","31"
"fast & furious (2009)","31"
"riding in cars with boys (2001)","31"
"the notorious bettie page (2005)","31"
"terminator salvation (2009)","31"
"alice in wonderland (2010)","31"
"american gun (2005)","31"
"sunshine cleaning (2008)","31"
"good night, and good luck. (2005)","31"
"magnificent desolation: walking on the moon 3d (2005)","31"
"accepted (2006)","31"
"phone booth (2002)","31"
"august rush (2007)","31"
"the longest yard (2005)","31"
"confessions of a dangerous mind (2002)","31"
"3:10 to yuma (2007)","31"
"million dollar baby (2004)","31"
"recess: school's out (2001)","31"
"s1m0ne (2002)","31"
"indiana jones and the kingdom of the crystal skull (2008)","31"
"idiocracy (2006)","30"
"swordfish (2001)","30"
"the butterfly effect (2004)","30"
"the number 23 (2007)","30"
"something's gotta give (2003)","30"
"orange county (2002)","30"
"astro boy (2009)","30"
"leaves of grass (2009)","30"
"the golden compass (2007)","30"
"soul men (2008)","30"
"the majestic (2001)","30"
"charlotte's web (2006)","30"
"constantine (2005)","30"
"halloween (2007)","30"
"the village (2004)","30"
"little miss sunshine (2006)","30"
"we are marshall (2006)","30"
"over the hedge (2006)","30"
"frost/nixon (2008)","30"
"the maiden heist (2009)","30"
"shrek 2 (2004)","30"
"dreamer: inspired by a true story (2005)","29"
"igby goes down (2002)","29"
"gone baby gone (2007)","29"
"away we go (2009)","29"
"neo ned (2005)","29"
"the human stain (2003)","29"
"big trouble (2002)","29"
"nothing is private (2007)","29"
"who do you love (2008)","29"
"the ugly truth (2009)","29"
"beowulf (2007)","29"
"in her shoes (2005)","29"
"inside man (2006)","29"
"boiler room (2000)","29"
"pride and glory (2008)","29"
"tmnt (2007)","29"
"personal velocity: three portraits (2002)","29"
"the moguls (2005)","29"
"the informant! (2009)","29"
"finishing the game: the search for a new bruce lee (2007)","29"
"k-pax (2001)","29"
"the punisher (2004)","29"
"the gift (2000)","29"
"i am sam (2001)","29"
"the great debaters (2007)","29"
"bad boys ii (2003)","29"
"love actually (2003)","29"
"a guide to recognizing your saints (2006)","29"
"romance & cigarettes (2005)","29"
"kiss kiss bang bang (2005)","29"
"ghost world (2001)","29"
"paycheck (2003)","29"
"nine lives (2005)","29"
"factory girl (2006)","29"
"the kingdom (2007)","29"
"what women want (2000)","29"
"seven pounds (2008)","29"
"purple violets (2007)","29"
"strangers with candy (2005)","29"
"crossing over (2009)","29"
"the ant bully (2006)","29"
"the lucky ones (2008)","29"
"chicago (2002)","28"
"adaptation. (2002)","28"
"the salton sea (2002)","28"
"the tale of despereaux (2008)","28"
"land of the dead (2005)","28"
"nick and norah's infinite playlist (2008)","28"
"role models (2008)","28"
"the merry gentleman (2008)","28"
"o brother, where art thou? (2000)","28"
"madagascar (2005)","28"
"the invention of lying (2009)","28"
"the sentinel (2006)","28"
"tenacious d in the pick of destiny (2006)","28"
"27 dresses (2008)","28"
"a beautiful mind (2001)","27"
"monster (2003)","27"
"infamous (2006)","27"
"bottle shock (2008)","27"
"gladiator (2000)","27"
"lonely hearts (2006)","27"
"hairspray (2007)","27"
"the hangover (2009)","27"
"whatever works (2009)","27"
"state and main (2000)","27"
"the toe tactic (2008)","27"
"stranger than fiction (2006)","27"
"the midnight meat train (2008)","27"
"the family man (2000)","27"
"edge of darkness (2010)","27"
"elizabethtown (2005)","27"
"the perfect game (2009)","27"
"legally blonde (2001)","27"
"inland empire (2006)","27"
"up (2009)","27"
"the devil wears prada (2006)","27"
"my one and only (2009)","27"
"unknown (2006)","27"
"the hours (2002)","27"
"high fidelity (2000)","27"
"revolutionary road (2008)","27"
"kill bill: vol. 2 (2004)","27"
"delirious (2006)","27"
"the assassination of richard nixon (2004)","27"
"smokin' aces (2006)","27"
"the baxter (2005)","27"
"neal cassady (2007)","27"
"in good company (2004)","27"
"i heart huckabees (2004)","27"
"the perfect storm (2000)","27"
"seabiscuit (2003)","27"
"me, myself & irene (2000)","27"
"the bourne supremacy (2004)","27"
"big stan (2007)","27"
"wonderland (2003)","27"
"storytelling (2001)","27"
"the assassination of jesse james by the coward robert ford (2007)","27"
"matchstick men (2003)","27"
"cop out (2010)","27"
"requiem for a dream (2000)","27"
"the badge (2002)","27"
"john q (2002)","27"
"baby mama (2008)","27"
"superbad (2007)","27"
"cloudy with a chance of meatballs (2009)","27"
"sky high (2005)","26"
"my own love song (2010)","26"
"curious george (2006)","26"
"bolt (2008)","26"
"the replacements (2000)","26"
"bobby jones: stroke of genius (2004)","26"
"i, robot (2004)","26"
"intolerable cruelty (2003)","26"
"the game of their lives (2005)","26"
"the anniversary party (2001)","26"
"choke (2008)","26"
"house of d (2004)","26"
"the life and death of peter sellers (2004)","26"
"no country for old men (2007)","26"
"kung fu panda (2008)","26"
"seraphim falls (2006)","25"
"pretty persuasion (2005)","25"
"final fantasy: the spirits within (2001)","25"
"confidence (2003)","25"
"auto focus (2002)","25"
"the devil's rejects (2005)","25"
"the new world (2005)","25"
"prime (2005)","25"
"looney tunes: back in action (2003)","25"
"i'm with lucy (2002)","25"
"mr. & mrs. smith (2005)","25"
"the contender (2000)","25"
"timecode (2000)","25"
"21 grams (2003)","25"
"kate & leopold (2001)","25"
"brooklyn's finest (2009)","25"
"stephanie daley (2006)","25"
"gardener of eden (2007)","25"
"coach carter (2005)","25"
"no reservations (2007)","25"
"planet terror (2007)","25"
"far from heaven (2002)","25"
"the chumscrubber (2005)","25"
"friends with money (2006)","25"
"alpha dog (2006)","25"
"assault on precinct 13 (2005)","25"
"the patriot (2000)","25"
"cadillac records (2008)","25"
"running with scissors (2006)","25"
"beerfest (2006)","25"
"50 first dates (2004)","25"
"impostor (2001)","25"
"be kind rewind (2008)","25"
"the prestige (2006)","25"
"broken flowers (2005)","25"
"donnie darko (2001)","25"
"spun (2002)","25"
"it's complicated (2009)","25"
"gigantic (2008)","25"
"the italian job (2003)","25"
"i love you, man (2009)","25"
"forgetting sarah marshall (2008)","25"
"white oleander (2002)","25"
"the school of rock (2003)","25"
"fever pitch (2005)","25"
"25th hour (2002)","25"
"pollock (2000)","25"
"ice age (2002)","25"
"nobel son (2007)","25"
"ira & abby (2006)","25"
"che: part one (2008)","25"
"two for the money (2005)","25"
"saw iv (2007)","24"
"last holiday (2006)","24"
"american splendor (2003)","24"
"the game plan (2007)","24"
"16 blocks (2006)","24"
"jay and silent bob strike back (2001)","24"
"the matrix revolutions (2003)","24"
"cleaner (2007)","24"
"ice age: dawn of the dinosaurs (2009)","24"
"into the wild (2007)","24"
"high crimes (2002)","24"
"chain of fools (2000)","24"
"road to perdition (2002)","24"
"blow (2001)","23"
"the blind side (2009)","23"
"hamlet 2 (2008)","23"
"garden state (2004)","23"
"the rules of attraction (2002)","23"
"the exorcism of emily rose (2005)","23"
"powder blue (2009)","23"
"dawn of the dead (2004)","23"
"unbreakable (2000)","23"
"how to lose a guy in 10 days (2003)","23"
"training day (2001)","23"
"hearts in atlantis (2001)","23"
"hollywood ending (2002)","23"
"stage beauty (2004)","23"
"made (2001)","23"
"my sister's keeper (2009)","23"
"the shipping news (2001)","23"
"ca$h (2010)","23"
"hollywoodland (2006)","23"
"edmond (2005)","23"
"jersey girl (2004)","23"
"gangs of new york (2002)","23"
"rat race (2001)","23"
"15 minutes (2001)","23"
"the clearing (2004)","23"
"dreamgirls (2006)","23"
"american wedding (2003)","23"
"walk the line (2005)","23"
"just like heaven (2005)","23"
"the good german (2006)","23"
"the last time (2006)","23"
"redbelt (2008)","23"
"running scared (2006)","23"
"death to smoochy (2002)","23"
"down with love (2003)","23"
"everybody's fine (2009)","23"
"jarhead (2005)","23"
"mysterious skin (2004)","23"
"the life of david gale (2003)","23"
"hoodwinked! (2005)","23"
"rush hour 3 (2007)","23"
"the heart is deceitful above all things (2004)","23"
"open season (2006)","23"
"harold & kumar go to white castle (2004)","23"
"an american crime (2007)","23"
"kit kittredge: an american girl (2008)","23"
"the legend of bagger vance (2000)","23"
"secondhand lions (2003)","23"
"date night (2010)","23"
"the believer (2001)","23"
"black irish (2007)","23"
"kill bill: vol. 1 (2003)","23"
"kingdom of heaven (2005)","23"
"please give (2010)","23"
"shrink (2009)","23"
"identity (2003)","23"
"felon (2008)","23"
"antwone fisher (2002)","23"
"flightplan (2005)","23"
"four brothers (2005)","23"
"cloverfield (2008)","23"
"nurse betty (2000)","23"
"shrek (2001)","23"
"bad santa (2003)","23"
"arlen faber (2009)","23"
"hamlet (2000)","23"
"fast food nation (2006)","23"
"game 6 (2005)","23"
"finding neverland (2004)","23"
"dark blue (2002)","23"
"the holiday (2006)","23"
"criminal (2004)","22"
"flushed away (2006)","22"
"down in the valley (2005)","22"
"gridiron gang (2006)","22"
"chicago 10 (2007)","22"
"surrogates (2009)","22"
"v for vendetta (2005)","22"
"munich (2005)","22"
"brother bear (2003)","22"
"things we lost in the fire (2007)","22"
"the battle of shaker heights (2003)","22"
"the matrix reloaded (2003)","22"
"treasure planet (2002)","22"
"snakes on a plane (2006)","22"
"stories of lost souls (2005)","22"
"holes (2003)","22"
"spy game (2001)","22"
"music and lyrics (2007)","22"
"finding nemo (2003)","22"
"the fountain (2006)","22"
"star wars: episode ii - attack of the clones (2002)","22"
"notorious (2009)","21"
"mother and child (2009)","21"
"observe and report (2009)","21"
"wall·e (2008)","21"
"joe gould's secret (2000)","21"
"sideways (2004)","21"
"meet the parents (2000)","21"
"love liza (2002)","21"
"shopgirl (2005)","21"
"igor (2008)","21"
"vicky cristina barcelona (2008)","21"
"the notebook (2004)","21"
"lucky number slevin (2006)","21"
"erin brockovich (2000)","21"
"red eye (2005)","21"
"extract (2009)","21"
"the good girl (2002)","21"
"heights (2005)","21"
"broken english (2007)","21"
"road trip (2000)","21"
"reign over me (2007)","21"
"takedown (2000)","21"
"case 39 (2009)","21"
"in the electric mist (2009)","21"
"the cell (2000)","21"
"the life before her eyes (2007)","21"
"death proof (2007)","21"
"the emperor's club (2002)","21"
"osmosis jones (2001)","21"
"where the money is (2000)","21"
"flakes (2007)","21"
"the elder son (2006)","21"
"resurrecting the champ (2007)","21"
"drag me to hell (2009)","21"
"$5 a day (2008)","21"
"snatch. (2000)","21"
"a love song for bobby long (2004)","21"
"spartan (2004)","21"
"don't say a word (2001)","21"
"spicy mac project (2009)","21"
"the dukes (2007)","21"
"the good life (2007)","21"
"rules of engagement (2000)","21"
"things you can tell just by looking at her (2000)","21"
"troy (2004)","21"
"taking woodstock (2009)","21"
"fast food fast women (2000)","21"
"10th & wolf (2006)","21"
"born to fight 2008 (2008)","21"
"the loss of a teardrop diamond (2008)","21"
"city by the sea (2002)","21"
"the skeleton key (2005)","21"
"meet the fockers (2004)","21"
"capote (2005)","21"
"serendipity (2001)","21"
"happy endings (2005)","21"
"the princess and the frog (2009)","21"
"dedication (2007)","21"
"extraordinary measures (2010)","21"
"hachiko: a dog's story (2009)","21"
"the last kiss (2006)","21"
"nicholas nickleby (2002)","21"
"the lovely bones (2009)","21"
"eurotrip (2004)","21"
"tigerland (2000)","21"
"the chronicles of riddick (2004)","21"
"ratatouille (2007)","21"
"sympathy for delicious (2010)","21"
"how to get the man's foot outta your ass (2003)","21"
"cold souls (2009)","21"
"we were soldiers (2002)","21"
"the mist (2007)","21"
"hellboy ii: the golden army (2008)","21"
"night at the museum (2006)","21"
"sex drive (2008)","21"
"the slammin' salmon (2009)","21"
"don't come knocking (2005)","21"
"i want someone to eat cheese with (2006)","21"
"happy accidents (2000)","21"
"evening (2007)","21"
"the station agent (2003)","21"
"the namesake (2006)","20"
"hellboy (2004)","20"
"sex and death 101 (2007)","20"
"the ladykillers (2004)","20"
"x-men origins: wolverine (2009)","20"
"puppy love (2008)","20"
"kick-ass (2010)","20"
"the incredibles (2004)","20"
"(500) days of summer (2009)","20"
"a prairie home companion (2006)","20"
"bandits (2001)","20"
"noel (2004)","20"
"solitary man (2009)","20"
"saw iii (2006)","20"
"the book of eli (2010)","20"
"the brothers bloom (2008)","20"
"bill (2007)","20"
"vanity fair (2004)","19"
"one last thing... (2005)","19"
"the road to el dorado (2000)","19"
"winter passing (2005)","19"
"hair high (2004)","19"
"how to kill your neighbor's dog (2000)","19"
"yonkers joe (2008)","19"
"dallas 362 (2003)","19"
"grandma's boy (2006)","19"
"keeping the faith (2000)","19"
"valkyrie (2008)","19"
"crazy heart (2009)","19"
"rip off church (2007)","19"
"nothing like the holidays (2008)","19"
"the safety of objects (2001)","19"
"heavens fall (2006)","19"
"northfork (2003)","19"
"the wackness (2008)","19"
"richard iii (2008)","19"
"monster's ball (2001)","19"
"next (2007)","19"
"sinbad: legend of the seven seas (2003)","19"
"the grey zone (2001)","19"
"star wars: episode iii - revenge of the sith (2005)","19"
"turn the river (2007)","19"
"moonlight mile (2002)","19"
"choose connor (2007)","19"
"adventureland (2009)","19"
"the sisterhood of the traveling pants (2005)","19"
"thirteen conversations about one thing (2001)","19"
"gardens of the night (2008)","19"
"queenie in love (2001)","19"
"the weather man (2005)","19"
"the dog problem (2006)","19"
"blade ii (2002)","19"
"anything else (2003)","19"
"(untitled) (2009)","19"
"inkheart (2008)","19"
"secret window (2004)","19"
"the ice harvest (2005)","19"
"the curse of the jade scorpion (2001)","19"
"17 again (2009)","19"
"underworld: evolution (2006)","19"
"silver city (2004)","19"
"eternal sunshine of the spotless mind (2004)","19"
"stardust (2007)","19"
"saw (2004)","19"
"frida (2002)","19"
"birth (2004)","19"
"wonder boys (2000)","19"
"the missing person (2009)","19"
"unthinkable (2010)","19"
"chasing 3000 (2008)","19"
"unfaithful (2002)","19"
"walking tall (2004)","19"
"life is hot in cracktown (2009)","19"
"pit fighters (2008)","19"
"the big empty (2003)","19"
"neverwas (2005)","19"
"the girl next door (2004)","19"
"tears of the sun (2003)","19"
"the recruit (2003)","19"
"the hebrew hammer (2003)","19"
"appaloosa (2008)","19"
"youth in revolt (2009)","19"
"shall we dance (2004)","19"
"the lake house (2006)","19"
"the prime gig (2000)","19"
"titan a.e. (2000)","19"
"fierce people (2005)","19"
"sky captain and the world of tomorrow (2004)","19"
"laurel canyon (2002)","19"
"keane (2004)","19"
"the runaways (2010)","19"
"chromophobia (2005)","19"
"formosa betrayed (2009)","19"
"vantage point (2008)","19"
"reservation road (2007)","19"
"transporter 2 (2005)","19"
"disturbia (2007)","19"
"madison (2001)","19"
"griffin & phoenix (2006)","19"
"man of the year (2006)","19"
"the greatest game ever played (2005)","19"
"eulogy (2004)","19"
"traitor (2008)","19"
"hart's war (2002)","19"
"the life aquatic with steve zissou (2004)","19"
"my first mister (2001)","19"
"fantastic mr. fox (2009)","19"
"melvin goes to dinner (2003)","18"
"assassination of a high school president (2008)","18"
"zigzag (2002)","18"
"saw ii (2005)","18"
"breach (2007)","18"
"pumpkin (2002)","18"
"once more with feeling (2009)","18"
"flash of genius (2008)","18"
"friday night lights (2004)","18"
"goal! (2005)","18"
"vampire hunter d: bloodlust (2000)","18"
"8 mile (2002)","18"
"the nines (2007)","18"
"shallow hal (2001)","18"
"emmett's mark (2002)","18"
"the good night (2007)","18"
"step up (2006)","18"
"saint john of las vegas (2009)","17"
"passionada (2002)","17"
"two family house (2000)","17"
"diary of the dead (2007)","17"
"match point (2005)","17"
"brokeback mountain (2005)","17"
"the final season (2007)","17"
"the way of the gun (2000)","17"
"lars and the real girl (2007)","17"
"basic (2003)","17"
"the hunting party (2007)","17"
"marie antoinette (2006)","17"
"the greatest (2009)","17"
"city island (2009)","17"
"the darjeeling limited (2007)","17"
"spanglish (2004)","17"
"leo (2002)","17"
"love and other impossible pursuits (2009)","17"
"brooklyn rules (2007)","17"
"hot rod (2007)","17"
"the da vinci code (2006)","17"
"the fast and the furious (2001)","17"
"thirteen (2003)","17"
"the independent (2000)","17"
"rails & ties (2007)","17"
"sunshine state (2002)","17"
"unconditional love (2002)","17"
"awake (2007)","17"
"a dog year (2009)","17"
"employee of the month (2004)","17"
"the bourne identity (2002)","17"
"fireflies in the garden (2008)","17"
"washington heights (2002)","17"
"thumbsucker (2005)","17"
"the sisters (2005)","17"
"children of men (2006)","17"
"the pursuit of happyness (2006)","17"
"the air i breathe (2007)","17"
"the ultimate gift (2006)","17"
"11:14 (2003)","17"
"our very own (2005)","17"
"the last castle (2001)","17"
"women in trouble (2009)","17"
"steal this movie (2000)","17"
"the hottest state (2006)","17"
"duane hopwood (2005)","17"
"cassandra's dream (2007)","17"
"being julia (2004)","17"
"underworld (2003)","17"
"the man from elysian fields (2001)","17"
"antitrust (2001)","17"
"grand theft parsons (2003)","17"
"the affair of the necklace (2001)","17"
"pay it forward (2000)","17"
"where the wild things are (2009)","17"
"the rocker (2008)","17"
"the commission (2003)","17"
"along came a spider (2001)","17"
"babel (2006)","17"
"in the bedroom (2001)","17"
"scoop (2006)","17"
"the tailor of panama (2001)","17"
"you kill me (2007)","17"
"demoted (2009)","17"
"shoot 'em up (2007)","17"
"just friends (2005)","17"
"open range (2003)","17"
"p.s. i love you (2007)","17"
"avatar (2009)","17"
"little children (2006)","17"
"death race (2008)","17"
"space cowboys (2000)","17"
"interstate 60: episodes of the road (2002)","17"
"memento (2000)","17"
"the prize winner of defiance, ohio (2005)","17"
"american cowslip (2009)","17"
"the rundown (2003)","17"
"don mckay (2009)","17"
"american psycho (2000)","17"
"van wilder (2002)","17"
"amazing grace (2006)","17"
"clerks ii (2006)","17"
"swing vote (2008)","17"
"miracle (2004)","17"
"the cake eaters (2007)","17"
"300 (2006)","17"
"where the heart is (2000)","17"
"after.life (2009)","17"
"alfie (2004)","17"
"the great raid (2005)","17"
"man in the chair (2007)","17"
"the lookout (2007)","17"
"sidewalks of new york (2001)","17"
"auggie rose (2000)","17"
"pipe dream (2002)","17"
"proof (2005)","17"
"war (2007)","17"
"then she found me (2007)","17"
"wonderful world (2009)","17"
"repo men (2010)","17"
"the guitar (2008)","17"
"you can count on me (2000)","17"
"the go-getter (2007)","17"
"harsh times (2005)","17"
"lions for lambs (2007)","17"
"dancer in the dark (2000)","17"
"quarantine (2008)","17"
"human nature (2001)","17"
"a history of violence (2005)","17"
"finding forrester (2000)","17"
"cyberworld (2000)","16"
"coffee and cigarettes (2003)","16"
"lilo & stitch (2002)","16"
"mattie fresno and the holoflux universe (2007)","16"
"stark raving mad (2002)","16"
"unforgivable blackness: the rise and fall of jack johnson (2004)","16"
"defendor (2009)","16"
"welcome to collinwood (2002)","16"
"crank (2006)","16"
"charlie and the chocolate factory (2005)","16"
"tinker bell and the lost treasure (2009)","16"
"mulholland dr. (2001)","16"
"from hell (2001)","16"
"humboldt county (2008)","16"
"just peck (2009)","16"
"the polar express (2004)","16"
"the boat that rocked (2009)","15"
"the chronicles of narnia: the lion, the witch and the wardrobe (2005)","15"
"1408 (2007)","15"
"hot tub time machine (2010)","15"
"dan in real life (2007)","15"
"kissing jessica stein (2001)","15"
"about schmidt (2002)","15"
"the road (2009)","15"
"around the bend (2004)","15"
"good dick (2008)","15"
"series 7: the contenders (2001)","15"
"diggers (2006)","15"
"touching home (2008)","15"
"the young victoria (2009)","15"
"all the real girls (2003)","15"
"otis e. (2009)","15"
"where god left his shoes (2007)","15"
"dummy (2002)","15"
"the narrows (2008)","15"
"come early morning (2006)","15"
"wicker park (2004)","15"
"once upon a time in mexico (2003)","15"
"the civilization of maxwell bright (2005)","15"
"what we do is secret (2007)","15"
"the cooler (2003)","15"
"right at your door (2006)","15"
"two weeks (2006)","15"
"the good heart (2009)","15"
"one hour photo (2002)","15"
"planet 51 (2009)","15"
"slither (2006)","15"
"frequency (2000)","15"
"killer diller (2004)","15"
"seeing other people (2004)","15"
"veronika decides to die (2009)","15"
"dunsmore (2003)","15"
"lonesome jim (2005)","15"
"whip it (2009)","15"
"green zone (2010)","15"
"feast of love (2007)","15"
"eight below (2006)","15"
"a serious man (2009)","15"
"half nelson (2006)","15"
"miss pettigrew lives for a day (2008)","15"
"final destination 2 (2003)","15"
"undermind (2003)","15"
"no such thing (2001)","15"
"junebug (2005)","15"
"zack and miri make a porno (2008)","15"
"other voices (2000)","15"
"10 items or less (2006)","15"
"the last lullaby (2008)","15"
"the groomsmen (2006)","15"
"juno (2007)","15"
"i could never be your woman (2007)","15"
"blow dry (2001)","15"
"bernard and doris (2006)","15"
"the savages (2007)","15"
"the merchant of venice (2004)","15"
"pieces of april (2003)","15"
"the rising place (2001)","15"
"phoebe in wonderland (2008)","15"
"the crazies (2010)","15"
"a good year (2006)","15"
"the lost city (2005)","15"
"better luck tomorrow (2002)","15"
"punch-drunk love (2002)","15"
"king arthur (2004)","15"
"twelve and holding (2005)","15"
"tom cool (2009)","15"
"a home at the end of the world (2004)","15"
"cypher (2002)","15"
"shannon's rainbow (2009)","15"
"bamboozled (2000)","15"
"watching the detectives (2007)","15"
"shrek 4-d (2003)","15"
"lakeview terrace (2008)","15"
"last chance harvey (2008)","15"
"wanted (2008)","15"
"a single man (2009)","15"
"shattered glass (2003)","15"
"sweeney todd: the demon barber of fleet street (2007)","15"
"day zero (2007)","15"
"who is cletis tout? (2001)","15"
"crazy/beautiful (2001)","15"
"one night at mccool's (2001)","15"
"hidalgo (2004)","15"
"gracie (2007)","15"
"the last samurai (2003)","15"
"life during wartime (2009)","15"
"tuck everlasting (2002)","15"
"jack goes boating (2010)","15"
"the woodsman (2004)","15"
"a gentleman's game (2002)","15"
"she's the man (2006)","15"
"the lazarus project (2008)","15"
"connie and carla (2004)","15"
"rock slyde (2009)","15"
"wrong turn at tahoe (2009)","15"
"che: part two (2008)","15"
"land of plenty (2004)","15"
"the girl in the park (2007)","15"
"the sasquatch gang (2006)","15"
"after sex (2007)","15"
"love for rent (2005)","15"
"rush hour 2 (2001)","15"
"death sentence (2007)","15"
"management (2008)","15"
"as you like it (2006)","15"
"married life (2007)","15"
"mr. brooks (2007)","15"
"waking the dead (2000)","15"
"marley & me (2008)","15"
"the big white (2005)","15"
"bigger than the sky (2005)","15"
"foodfight! (2009)","14"
"king kong (2005)","14"
"die another day (2002)","14"
"love the hard way (2001)","14"
"local color (2006)","14"
"the yellow handkerchief (2008)","14"
"the emperor's new groove (2000)","14"
"how to train your dragon (2010)","14"
"spread (2009)","14"
"before night falls (2000)","14"
"shanghai kiss (2007)","14"
"ali g indahouse (2002)","14"
"inglourious basterds (2009)","14"
"arranged (2007)","14"
"prop 8: the musical (2008)","14"
"clash of the titans (2010)","14"
"speed racer (2008)","14"
"twelve (2010)","13"
"final destination (2000)","13"
"cast away (2000)","13"
"undertow (2004)","13"
"milwaukee, minnesota (2003)","13"
"japan (2008)","13"
"barbershop (2002)","13"
"the broken hearts club: a romantic comedy (2000)","13"
"casino royale (2006)","13"
"breaking and entering (2006)","13"
"return to me (2000)","13"
"brother to brother (2004)","13"
"thoughtcrimes (2003)","13"
"bart got a room (2008)","13"
"dead silence (2007)","13"
"black dynamite (2009)","13"
"fired up! (2009)","13"
"k-19: the widowmaker (2002)","13"
"o (2001)","13"
"quantum of solace (2008)","13"
"the upside of anger (2005)","13"
"the limits of control (2009)","13"
"superman returns (2006)","13"
"mean girls (2004)","13"
"what's cooking? (2000)","13"
"control (2004)","13"
"secretary (2002)","13"
"the texas chainsaw massacre (2003)","13"
"waitress (2007)","13"
"lord of war (2005)","13"
"party monster (2003)","13"
"love in the time of cholera (2007)","13"
"henry poole is here (2008)","13"
"ella enchanted (2004)","13"
"dirt (2003)","13"
"mamma mia! (2008)","13"
"like dandelion dust (2009)","13"
"saved! (2004)","13"
"nothing but the truth (2008)","13"
"explicit ills (2008)","13"
"the dying gaul (2005)","13"
"off the black (2006)","13"
"piñero (2001)","13"
"l.i.e. (2001)","13"
"mean machine (2001)","13"
"bully (2001)","13"
"possession (2002)","13"
"blood work (2002)","13"
"rendition (2007)","13"
"songcatcher (2000)","13"
"little chenier (2006)","13"
"a perfect getaway (2009)","13"
"the sky is falling (2000)","13"
"we fight to be free (2006)","13"
"the killing jar (2010)","13"
"finding nemo submarine voyage (2007)","13"
"coffee date (2006)","13"
"sunshine (2007)","13"
"freedom writers (2007)","13"
"u-571 (2000)","13"
"uncle nino (2003)","13"
"charlie bartlett (2007)","13"
"the jacket (2005)","13"
"the hurt locker (2008)","13"
"dinner rush (2000)","13"
"copying beethoven (2006)","13"
"nanny mcphee and the big bang (2010)","13"
"enigma (2001)","13"
"mozart and the whale (2005)","13"
"american pastime (2007)","13"
"the i inside (2003)","13"
"what lies beneath (2000)","13"
"martian child (2007)","13"
"the lather effect (2006)","13"
"were the world mine (2008)","13"
"the squid and the whale (2005)","13"
"the bucket list (2007)","13"
"palindromes (2004)","13"
"in bruges (2008)","13"
"the importance of being earnest (2002)","13"
"radio (2003)","13"
"the good guy (2009)","13"
"the family stone (2005)","13"
"chain letter (2010)","13"
"the door in the floor (2004)","13"
"the company (2003)","13"
"a knight's tale (2001)","13"
"the whole nine yards (2000)","13"
"sweet land (2005)","13"
"zombieland (2009)","13"
"untraceable (2008)","13"
"ascension day (2007)","13"
"the illusionist (2006)","13"
"full grown men (2006)","13"
"a time for dancing (2000)","13"
"a little trip to heaven (2005)","13"
"music within (2007)","13"
"blood diamond (2006)","13"
"the boondock saints ii: all saints day (2009)","13"
"chrystal (2004)","13"
"fur: an imaginary portrait of diane arbus (2006)","13"
"the matador (2005)","13"
"a scanner darkly (2006)","13"
"open window (2006)","13"
"center stage (2000)","13"
"eastern promises (2007)","13"
"loggerheads (2005)","13"
"mr. magorium's wonder emporium (2007)","13"
"boys life 3 (2000)","13"
"the last new yorker (2010)","13"
"the four feathers (2002)","13"
"city of ember (2008)","13"
"the ballad of jack and rose (2005)","13"
"the world's fastest indian (2005)","13"
"small time crooks (2000)","13"
"the last mimzy (2007)","13"
"wendy and lucy (2008)","13"
"the score (2001)","13"
"trapped (2002)","13"
"margot at the wedding (2007)","13"
"try seventeen (2002)","13"
"levity (2003)","13"
"men of honor (2000)","13"
"nanny mcphee (2005)","13"
"under the tuscan sun (2003)","13"
"dancing in september (2000)","13"
"when zachary beaver came to town (2003)","13"
"peter and vandy (2009)","13"
"the chronicles of narnia: prince caspian (2008)","13"
"very mean men (2000)","13"
"i am legend (2007)","13"
"the wolfman (2010)","13"
"greenberg (2010)","13"
"the walker (2007)","13"
"lollilove (2004)","13"
"sherrybaby (2006)","13"
"looking for an echo (2000)","13"
"personal effects (2009)","13"
"chocolat (2000)","13"
"doomsday (2008)","13"
"equilibrium (2002)","13"
"xx/xy (2002)","13"
"birds of america (2008)","13"
"dante's inferno (2007)","13"
"house of sand and fog (2003)","13"
"starting out in the evening (2007)","13"
"bookies (2003)","13"
"bang bang you're dead (2002)","13"
"united 93 (2006)","13"
"wasting away (2007)","13"
"hounddog (2007)","13"
"spinning boris (2003)","13"
"vacancy (2007)","13"
"the king (2005)","13"
"saw vi (2009)","12"
"corpse bride (2005)","12"
"rocky balboa (2006)","12"
"good time max (2007)","12"
"citizen toxie: the toxic avenger iv (2000)","12"
"the spleenectomy (2008)","12"
"peter pan (2003)","12"
"reefer madness: the movie musical (2005)","12"
"the deep end (2001)","12"
"the spiderwick chronicles (2008)","12"
"there will be blood (2007)","12"
"psycho beach party (2000)","12"
"resident evil: extinction (2007)","12"
"secrets of fenville (2003)","11"
"ash tuesday (2003)","11"
"the vicious kind (2009)","11"
"the amazing floydini (2004)","11"
"de-lovely (2004)","11"
"the golden bowl (2000)","11"
"two lovers (2008)","11"
"a walk to remember (2002)","11"
"operation homecoming: writing the wartime experience (2007)","11"
"me and orson welles (2008)","11"
"life as a house (2001)","11"
"revolution #9 (2001)","11"
"penelope (2006)","11"
"east broadway (2006)","11"
"sherlock holmes (2009)","11"
"julia (2008)","11"
"plots with a view (2002)","11"
"rachel getting married (2008)","11"
"bomb the system (2002)","11"
"casa de los babys (2003)","11"
"desert saints (2002)","11"
"crazylove (2005)","11"
"afterschool (2008)","11"
"the jane austen book club (2007)","11"
"skateland (2010)","11"
"conversations with other women (2005)","11"
"poolhall junkies (2002)","11"
"quills (2000)","11"
"believe in me (2006)","11"
"may (2002)","11"
"the hungry ghosts (2009)","11"
"good advice (2001)","11"
"the 2 bobs (2009)","11"
"everyday people (2004)","11"
"the other boleyn girl (2008)","11"
"dinosaur (2000)","11"
"the mothman prophecies (2002)","11"
"ticker (2002)","11"
"sorry, haters (2005)","11"
"middle of nowhere (2008)","11"
"modigliani (2004)","11"
"hard ball (2001)","11"
"beyond the sea (2004)","11"
"wild girls gone (2007)","11"
"checking out (2005)","11"
"lovely, still (2008)","11"
"bambi ii (2006)","11"
"shanghai knights (2003)","11"
"the time traveler's wife (2009)","11"
"shooting vegetarians (2005)","11"
"bare knuckles (2009)","11"
"orphan (2009)","11"
"the damned united (2009)","11"
"shadow of the vampire (2000)","11"
"freaky friday (2003)","11"
"the white countess (2005)","11"
"memoirs of a geisha (2005)","11"
"love object (2003)","11"
"ball in the house (2001)","11"
"how to rob a bank (2007)","11"
"man on fire (2004)","11"
"bgfatldy (2008)","11"
"my suicide (2009)","11"
"enemy at the gates (2001)","11"
"an unfinished life (2005)","11"
"deadly impact (2009)","11"
"the weight of water (2000)","11"
"outlander (2008)","11"
"friendship! (2010)","11"
"monster house (2006)","11"
"calendar girls (2003)","11"
"speak (2004)","11"
"the invisible (2007)","11"
"the count of monte cristo (2002)","11"
"push (2009)","11"
"bartleby (2001)","11"
"finder's fee (2001)","11"
"because of winn-dixie (2005)","11"
"akeelah and the bee (2006)","11"
"serenity (2005)","11"
"blind ambition (2008)","11"
"beyond borders (2003)","11"
"rescue dawn (2006)","11"
"the waiter (2010)","11"
"just like the son (2006)","11"
"children on their birthdays (2002)","11"
"the orphan king (2005)","11"
"in america (2002)","11"
"poster boy (2004)","11"
"bruno (2000)","11"
"on broadway (2007)","11"
"the joneses (2009)","11"
"poultrygeist: night of the chicken dead (2006)","11"
"stolen summer (2002)","11"
"sleepwalking (2008)","11"
"the three burials of melquiades estrada (2005)","11"
"take the lead (2006)","11"
"two soldiers (2003)","11"
"miss congeniality (2000)","11"
"venus & vegas (2009)","11"
"the phantom of the opera (2004)","11"
"a plumm summer (2007)","11"
"the beautiful country (2004)","11"
"elephant (2003)","11"
"my dog skip (2000)","11"
"panic room (2002)","11"
"visioneers (2008)","11"
"blue valentine (2010)","11"
"elvis and anabelle (2007)","11"
"bend it like beckham (2002)","11"
"kinky boots (2005)","11"
"grace is gone (2007)","11"
"australia (2008)","11"
"the hills have eyes (2006)","11"
"kid's story (2003)","11"
"mother ghost (2002)","11"
"below (2002)","11"
"the novice (2006)","11"
"the darkroom (2006)","11"
"prozac nation (2001)","11"
"tully (2000)","11"
"fay grim (2006)","11"
"cutlass (2007)","11"
"home of the giants (2007)","11"
"the madagascar penguins in a christmas caper (2005)","11"
"king of california (2007)","11"
"super troopers (2001)","11"
"remember me (2010)","11"
"americano (2005)","11"
"the education of charlie banks (2007)","11"
"the poker house (2008)","11"
"get low (2009)","11"
"rocket science (2007)","11"
"die, mommie, die! (2003)","11"
"bella (2006)","11"
"i sell the dead (2008)","11"
"ned kelly (2003)","11"
"behind enemy lines (2001)","11"
"the dangerous lives of altar boys (2002)","11"
"big fan (2009)","11"
"final flight of the osiris (2003)","11"
"the quiet american (2002)","11"
"jersey justice (2008)","11"
"in the land of women (2007)","11"
"the next big thing (2001)","11"
"casanova (2005)","11"
"manic (2001)","11"
"the final project (2008)","11"
"crime and punishment (2002)","11"
"the league of gentlemen's apocalypse (2005)","11"
"chinese coffee (2000)","11"
"p.s. (2004)","11"
"not since you (2009)","11"
"the cat's meow (2001)","11"
"star trek: nemesis (2002)","11"
"an american rhapsody (2001)","11"
"miss potter (2006)","11"
"flight of the phoenix (2004)","11"
"hotel rwanda (2004)","11"
"moulin rouge! (2001)","11"
"steel city (2006)","11"
"missing brendan (2003)","11"
"surveillance (2008)","11"
"nobody's baby (2001)","11"
"brown sugar (2002)","11"
"love comes lately (2007)","10"
"american fusion (2005)","10"
"the forbidden kingdom (2008)","10"
"the mummy returns (2001)","10"
"life is short (2006)","10"
"tanner hall (2009)","10"
"carriers (2009)","10"
"deadgirl (2008)","10"
"the tigger movie (2000)","10"
"hubert selby jr: it/ll be better tomorrow (2005)","10"
"special (2003)","10"
"underworld: rise of the lycans (2009)","10"
"the horror vault (2008)","10"
"room 10 (2006)","10"
"the second renaissance part ii (2003)","10"
"frailty (2001)","10"
"boys briefs 5 (2008)","10"
"red (2008)","10"
"session 9 (2001)","9"
"adventures of power (2008)","9"
"lymelife (2008)","9"
"replay (2003)","9"
"the sensation of sight (2006)","9"
"nobody (2009)","9"
"the code conspiracy (2001)","9"
"what the bleep!?: down the rabbit hole (2006)","9"
"my big fat greek wedding (2002)","9"
"rso [registered sex offender ] (2008)","9"
"goodbye baby (2007)","9"
"me and you and everyone we know (2005)","9"
"solaris (2002)","9"
"blackballed: the bobby dukes story (2004)","9"
"tekken (2010)","9"
"proof of life (2000)","9"
"turntable (2005)","9"
"dreamland (2006)","9"
"tadpole (2002)","9"
"smart people (2008)","9"
"leap year (2010)","9"
"night catches us (2010)","9"
"draw (2008)","9"
"urbania (2000)","9"
"brüno (2009)","9"
"civic duty (2006)","9"
"skipped parts (2000)","9"
"signs (2002)","9"
"pissed (2005)","9"
"don't let me drown (2009)","9"
"chicago overcoat (2009)","9"
"happythankyoumoreplease (2010)","9"
"go go tales (2007)","9"
"easy rider: the ride back (2009)","9"
"a shot at glory (2000)","9"
"aurora borealis (2005)","9"
"chinaman's chance (2008)","9"
"trucker (2008)","9"
"the night we called it a day (2003)","9"
"paid in full (2002)","9"
"nail polish (2006)","9"
"santa croce (2007)","9"
"goodnight, joseph parker (2004)","9"
"multiple sarcasms (2010)","9"
"the last house on the left (2009)","9"
"the nativity story (2006)","9"
"baby boy (2001)","9"
"the fix (2005)","9"
"sordid lives (2000)","9"
"funny games u.s. (2007)","9"
"diamond men (2000)","9"
"particles of truth (2003)","9"
"bride & prejudice (2004)","9"
"the burning plain (2008)","9"
"straight-jacket (2004)","9"
"harmony and me (2009)","9"
"a mighty heart (2007)","9"
"look (2007)","9"
"silent hill (2006)","9"
"dress rehearsal (2006)","9"
"narc (2002)","9"
"the good humor man (2005)","9"
"land of the blind (2006)","9"
"love is the drug (2006)","9"
"now you know (2002)","9"
"mindhunters (2004)","9"
"the ruins (2008)","9"
"my friend's love affair (2001)","9"
"play the game (2008)","9"
"the favor (2007)","9"
"love & basketball (2000)","9"
"mirrors (2008)","9"
"tortilla soup (2001)","9"
"the golden boys (2008)","9"
"trailer for a remake of gore vidal's caligula (2005)","9"
"pandorum (2009)","9"
"lost in translation (2003)","9"
"lovely by surprise (2007)","9"
"brother (2000)","9"
"forever strong (2008)","9"
"nine (2009)","9"
"good cop, bad cop (2006)","9"
"willard (2003)","9"
"the secret life of bees (2008)","9"
"paradise (2004)","9"
"lightbulb (2009)","9"
"the fourth kind (2009)","9"
"charlie valentine (2009)","9"
"apartment #5c (2002)","9"
"imaginary witness: hollywood and the holocaust (2004)","9"
"seeking foreclosure (2007)","9"
"kalamazoo? (2006)","9"
"club soda (2006)","9"
"forty shades of blue (2005)","9"
"unbeatable harold (2006)","9"
"girlfight (2000)","9"
"team america: world police (2004)","9"
"my sexiest year (2007)","9"
"never back down (2008)","9"
"a talent for trouble (2008)","9"
"a rumor of angels (2000)","9"
"nim's island (2008)","9"
"high heels and low lifes (2001)","9"
"the angel doll (2002)","9"
"chloe (2009)","9"
"danny the dog (2005)","9"
"lassie (2005)","9"
"adventures in homeschooling (2004)","9"
"a foreign affair (2003)","9"
"the frank anderson (2006)","9"
"acts of violence (2008)","9"
"graduation (2007)","9"
"shanghai noon (2000)","9"
"brick (2005)","9"
"missing in america (2005)","9"
"sinners & saints (2010)","9"
"30 days of night (2007)","9"
"the strip (2009)","9"
"tristan + isolde (2006)","9"
"transamerica (2005)","9"
"greta (2009)","9"
"otis (2008)","9"
"meet the robinsons (2007)","9"
"weather girl (2009)","9"
"the poughkeepsie tapes (2007)","9"
"spoken word (2009)","9"
"peaceful warrior (2006)","9"
"one night with the king (2006)","9"
"robin's big date (2005)","9"
"blind dating (2006)","9"
"playing mona lisa (2000)","9"
"bridget (2002)","9"
"next day air (2009)","9"
"world record (2003)","9"
"honeydripper (2007)","9"
"lockdown (2000)","9"
"one way to valhalla (2009)","9"
"the skeptic (2009)","9"
"john john in the sky (2000)","9"
"the house of mirth (2000)","9"
"the second renaissance part i (2003)","9"
"the living wake (2007)","9"
"cherish (2002)","9"
"hustle & flow (2005)","9"
"everything put together (2000)","9"
"master and commander: the far side of the world (2003)","9"
"cake: a wedding story (2007)","9"
"the guilty (2000)","9"
"the gray man (2007)","9"
"panic (2000)","9"
"trick 'r treat (2008)","9"
"sunshine (2008)","9"
"days of wrath (2008)","9"
"roger dodger (2002)","9"
"the pre nup (2007)","9"
"love & sex (2000)","9"
"tokyo mater (2008)","9"
"la misma luna (2007)","9"
"all over the guy (2001)","9"
"kabluey (2007)","9"
"the painted veil (2006)","9"
"self medicated (2005)","9"
"american gun (2002)","9"
"made-up (2002)","9"
"rounding first (2005)","9"
"pitch black (2000)","9"
"terminator 3: rise of the machines (2003)","9"
"the mudge boy (2003)","9"
"cock-a-doodle-duel (2003)","8"
"immigrants (l.a. dolce vita) (2008)","8"
"inzer0 (2006)","8"
"aqua teen hunger force colon movie film for theaters (2007)","8"
"the reader (2008)","8"
"waking life (2001)","8"
"bubba ho-tep (2002)","8"
"rosencrantz and guildenstern are undead (2009)","8"
"paper man (2009)","8"
"atlantis: the lost empire (2001)","8"
"the chubbchubbs save xmas (2007)","8"
"nanking (2007)","8"
"the legend of sasquatch (2006)","8"
"the lion of judah (2010)","8"
"ken park (2002)","8"
"rivals (2003)","8"
"one point o (2004)","8"
"coraline (2009)","8"
"la premiere (2009)","8"
"goya's ghosts (2006)","8"
"earth (2007)","8"
"fixing rhonda (2008)","8"
"american skin 2: eagles gathering (2005)","8"
"signals (2008)","8"
"my generation g... g... gap (2003)","8"
"the wright stuff (2005)","8"
"hare and loathing in las vegas (2004)","8"
"end of the spear (2005)","8"
"he was a quiet man (2007)","7"
"saving angelo (2007)","7"
"kings of the evening (2008)","7"
"honey trap (2005)","7"
"we don't live here anymore (2004)","7"
"looking for sunday (2006)","7"
"the best man (2005)","7"
"death, can i buy you a drink? (2004)","7"
"raving (2007)","7"
"precious: based on the novel push by sapphire (2009)","7"
"factotum (2005)","7"
"boxboarders! (2007)","7"
"greenfingers (2000)","7"
"american fork (2007)","7"
"bonneville (2006)","7"
"infestation (2009)","7"
"friends & lovers: the ski trip 2 (2008)","7"
"off the map (2003)","7"
"winter's bone (2010)","7"
"the guys (2002)","7"
"o jerusalem (2006)","7"
"garden party (2008)","7"
"repo chick (2009)","7"
"never forever (2007)","7"
"way off broadway (2001)","7"
"the water horse (2007)","7"
"punisher: war zone (2008)","7"
"the failures (2003)","7"
"bridge to terabithia (2007)","7"
"p2 (2007)","7"
"villa nova (2008)","7"
"farm sluts (2003)","7"
"level 26: dark origins (2009)","7"
"the unsaid (2001)","7"
"the last 15 (2007)","7"
"see jane run (2001)","7"
"maze (2000)","7"
"the village barbershop (2008)","7"
"hard scrambled (2006)","7"
"sleuth (2007)","7"
"the man in the silo (2008)","7"
"jailbait (2004)","7"
"the final cut (2004)","7"
"dandelion (2004)","7"
"broke sky (2007)","7"
"of boys and men (2008)","7"
"a happy ending (2005)","7"
"no pain no gain (2007)","7"
"invictus (2009)","7"
"bug (2006)","7"
"local boys (2002)","7"
"the kids are all right (2010)","7"
"the bleeding (2009)","7"
"the king is alive (2000)","7"
"napoleon dynamite (2004)","7"
"bust a move (2000)","7"
"a year and a day (2005)","7"
"stuck (2007)","7"
"ark (2004)","7"
"say it in russian (2007)","7"
"the last romantic (2006)","7"
"swimming (2000)","7"
"someone's knocking at the door (2009)","7"
"maria full of grace (2004)","7"
"another harvest moon (2009)","7"
"gran torino (2008)","7"
"julie johnson (2001)","7"
"scottsboro: an american tragedy (2000)","7"
"little manhattan (2005)","7"
"convention (2008)","7"
"duma (2005)","7"
"the procedure (2007)","7"
"pesticide (2008)","7"
"my wife is retarded (2007)","7"
"sydney white (2007)","7"
"brooklyn lobster (2005)","7"
"hacks (2002)","7"
"the monday before thanksgiving (2008)","7"
"outta sync (2006)","7"
"smashing stereotypes (2005)","7"
"the half life of timofey berezin (2006)","7"
"axegrinder (2006)","7"
"the art of travel (2008)","7"
"shooting livien (2005)","7"
"how the garcia girls spent their summer (2005)","7"
"broken arrows (2007)","7"
"the thing about my folks (2005)","7"
"glorious mail (2005)","7"
"guarding eddy (2004)","7"
"nicky's game (2005)","7"
"all roads lead home (2008)","7"
"what alice found (2003)","7"
"preacher's kid (2010)","7"
"leaving barstow (2008)","7"
"happy hour (2003)","7"
"behind the red door (2003)","7"
"emilio (2008)","7"
"almost salinas (2001)","7"
"gangstas (2007)","7"
"leaf (2008)","7"
"diary of a wimpy kid (2010)","7"
"the flyboys (2008)","7"
"high falls (2007)","7"
"saving face (2004)","7"
"wherever you are (2008)","7"
"five fingers (2006)","7"
"september 12th (2008)","7"
"the boynton beach bereavement club (2005)","7"
"fields of freedom (2006)","7"
"what's up, scarlet? (2005)","7"
"canvas (2006)","7"
"evelyn (2002)","7"
"love, ludlow (2005)","7"
"zathura: a space adventure (2005)","7"
"white noise 2: the light (2007)","7"
"ordinary decent criminal (2000)","7"
"wrigley (2004)","7"
"the 27 club (2008)","7"
"black snake moan (2006)","7"
"heartlands (2002)","7"
"islander (2006)","7"
"closing the ring (2007)","7"
"puccini for beginners (2006)","7"
"the war within (2005)","7"
"return to babylon (2008)","7"
"come away home (2005)","7"
"a good woman (2004)","7"
"road to the altar (2009)","7"
"herman u.s.a. (2001)","7"
"manito (2002)","7"
"tickling leo (2009)","7"
"woman in burka (2008)","7"
"the lost skeleton returns again (2009)","7"
"agent crush (2008)","7"
"magnus, inc. (2007)","7"
"beat the devil (2002)","7"
"perfume: the story of a murderer (2006)","7"
"crime spree (2003)","7"
"sissy frenchfry (2005)","7"
"the fever (2004)","7"
"shoot on sight (2007)","7"
"zombie farm (2007)","7"
"hard four (2007)","7"
"double parked (2000)","7"
"the last miracle (2006)","7"
"red roses and petrol (2003)","7"
"potheads: the movie (2005)","7"
"the new tenants (2009)","7"
"to end all wars (2001)","7"
"easier with practice (2009)","7"
"acts of worship (2001)","7"
"little secrets (2001)","7"
"saddle up with dick wrangler & injun joe (2009)","7"
"forecast (2007)","7"
"a lobster tale (2006)","7"
"saving shiloh (2006)","7"
"the american astronaut (2001)","7"
"remembering phil (2008)","7"
"tibet: cry of the snow lion (2002)","7"
"scary movie (2000)","7"
"prey for rock & roll (2003)","7"
"breach (2004)","7"
"tomorrow is today (2006)","7"
"shackleton's antarctic adventure (2001)","7"
"little fish, strange pond (2009)","7"
"what is it? (2005)","7"
"just a dream (2002)","7"
"mockingbird don't sing (2001)","7"
"ondine (2009)","7"
"ninja assassin (2009)","7"
"hurricane on the bayou (2006)","7"
"mean creek (2004)","7"
"in search of peace (2001)","7"
"birthday girl (2001)","7"
"drum (2004)","7"
"war eagle, arkansas (2007)","7"
"a dance for bethany (2007)","7"
"dot the i (2003)","7"
"cherry (2010)","7"
"powder keg (2001)","7"
"the storyteller (2005)","7"
"under suspicion (2000)","7"
"into temptation (2009)","7"
"expired (2007)","7"
"latter days (2003)","7"
"blood and bone (2009)","7"
"the road to graceland (2001)","7"
"american primitive (2008)","7"
"she's out of my league (2010)","7"
"the stoning of soraya m. (2008)","7"
"liberty kid (2007)","7"
"fairy tale police (2008)","7"
"satan hates you (2009)","7"
"veronica guerin (2003)","7"
"across the hall (2009)","7"
"john's hand (2008)","7"
"reservations (2008)","7"
"the business of strangers (2001)","7"
"the lost cause (2004)","7"
"frozen river (2008)","7"
"3 backyards (2010)","7"
"world's greatest dad (2009)","7"
"amber (2004)","6"
"the red machine (2009)","6"
"kaubôi bibappu: tengoku no tobira (2001)","6"
"the no sit list (2008)","6"
"redacted (2007)","6"
"certainly not a fairytale (2003)","6"
"daybreakers (2009)","6"
"about a boy (2002)","6"
"animated american (2008)","6"
"haiku tunnel (2001)","6"
"grasshopper (2006)","6"
"razor sharp (2006)","6"
"the perfect stranger (2005)","6"
"willoughby (2007)","6"
"devil's grove (2007)","6"
"how to hook up your home theater (2007)","6"
"in the realms of the unreal (2004)","6"
"invincible (2001)","6"
"mail order wife (2004)","6"
"hubert's brain (2001)","6"
"tin can shinny (2003)","6"
"jails, hospitals & hip-hop (2000)","6"
"boys to men (2001)","6"
"flossin (2001)","6"
"pooh's heffalump movie (2005)","6"
"the transporter (2002)","6"
"go-go guy (2006)","6"
"spirit: stallion of the cimarron (2002)","6"
"the bride wore blood: a contemporary western (2006)","6"
"a jersey christmas (2008)","6"
"abbey of thelema (2007)","6"
"the wizard of west chester (2007)","6"
"the karaoke king (2007)","6"
"tupac: resurrection (2003)","5"
"in pursuit of happiness (2005)","5"
"the mandala maker (2009)","5"
"rock the paint (2005)","5"
"derek & simon: a bee and a cigarette (2006)","5"
"streakers (2004)","5"
"ashes and snow (2005)","5"
"splice (2009)","5"
"control (2007)","5"
"little big top (2006)","5"
"prank (2008)","5"
"mister lonely (2007)","5"
"blue car (2002)","5"
"the wedding video (2007)","5"
"10 attitudes (2001)","5"
"carts (2007)","5"
"cuttin da mustard (2008)","5"
"the hitman (2008)","5"
"the cutting room (2001)","5"
"this man's life (2008)","5"
"a clear view (2005)","5"
"the quiet (2005)","5"
"parting words (2008)","5"
"paraiso travel (2008)","5"
"the mostly unfabulous social life of ethan green (2005)","5"
"face (2002)","5"
"hungry hearts (2002)","5"
"chicken party (2003)","5"
"the unlikely's (2007)","5"
"sniper patrol 420 (2007)","5"
"the disappearance of jenna matheson (2007)","5"
"a world full of dreams (2007)","5"
"around june (2008)","5"
"chasing tchaikovsky (2007)","5"
"need (2005)","5"
"forgotten (2009)","5"
"blue hill avenue (2001)","5"
"i'll be there (2003)","5"
"lip service (2001)","5"
"murdoch: the beginning (2009)","5"
"lost/found (2003)","5"
"imagine me & you (2005)","5"
"the honorable (2002)","5"
"before sunset (2004)","5"
"patch (2005)","5"
"2001 maniacs: field of screams (2010)","5"
"hooligans (2005)","5"
"behind the mask: the rise of leslie vernon (2006)","5"
"stuey (2003)","5"
"the testimony of taliesin jones (2000)","5"
"the persistence of dreams (2005)","5"
"give 'em hell, malone (2009)","5"
"arc (2006)","5"
"theodore (2009)","5"
"you always stalk the ones you love (2002)","5"
"who killed the idea? (2003)","5"
"star power (2007)","5"
"the perfect gift (2009)","5"
"stranger than fiction (2000)","5"
"the champ (2006)","5"
"big bad love (2001)","5"
"ivansxtc (2000)","5"
"futbaal: the price of dreams (2007)","5"
"program (2003)","5"
"resurrection: the j.r. richard story (2005)","5"
"rocky road (2001)","5"
"ping pong playa (2007)","5"
"junkyard dog (2009)","5"
"falling awake (2009)","5"
"the strangers (2008)","5"
"entry level (2007)","5"
"friends and family (2001)","5"
"damaged goods (2005)","5"
"ocean of pearls (2008)","5"
"the grand design (2007)","5"
"in the wrong hands (2002)","5"
"edges of the lord (2001)","5"
"tamo i ovde (2009)","5"
"trust me (2007)","5"
"italian pasta (2008)","5"
"scheme c6 (2001)","5"
"lenexa, 1 mile (2006)","5"
"youth without youth (2007)","5"
"lost angels (2009)","5"
"how you look to me (2005)","5"
"full disclosure (2005)","5"
"kill me later (2001)","5"
"fist in the eye (2006)","5"
"a couple of white chicks at the hairdresser (2007)","5"
"the man who invented the moon (2003)","5"
"the soul of a man (2003)","5"
"the crooked eye (2009)","5"
"adam resurrected (2008)","5"
"legwork (2002)","5"
"julie walking home (2002)","5"
"the barrio murders (2001)","5"
"sweetzer (2007)","5"
"i am josh polonski's brother (2001)","5"
"sir! no sir! (2005)","5"
"9a (2006)","5"
"her summer (2004)","5"
"a piece of pie (2006)","5"
"the election (2007)","5"
"the people v. leo frank (2009)","5"
"anderson's cross (2007)","5"
"worth (2008)","5"
"the secret lives of dentists (2002)","5"
"real women have curves (2002)","5"
"rogue (2007)","5"
"3:52 (2005)","5"
"placebo (2008)","5"
"my name is bruce (2007)","5"
"chandler hall (2005)","5"
"we married margo (2000)","5"
"zora neale hurston: jump at the sun (2008)","5"
"the collection (2005)","5"
"tick tock (2000)","5"
"maryam (2002)","5"
"a uniform used to mean something... (2004)","5"
"mickey (2004)","5"
"comedian (2002)","5"
"mojave phone booth (2006)","5"
"max (2005)","5"
"nerd hunter 3004 (2004)","5"
"zombie prom (2006)","5"
"brothers incorporated (2009)","5"
"flyboys (2006)","5"
"the book of caleb (2008)","5"
"don't fade away (2010)","5"
"la mission (2009)","5"
"the silencing (2000)","5"
"boppin' at the glue factory (2009)","5"
"white on rice (2009)","5"
"great world of sound (2007)","5"
"the boy in the striped pyjamas (2008)","5"
"a detective story (2003)","5"
"museum scream (2003)","5"
"a perfect place (2008)","5"
"older than america (2008)","5"
"chloe (2005)","5"
"careful what you wish for (2004)","5"
"ice princess (2005)","5"
"the project (2008)","5"
"sunfax territory (2009)","5"
"an everlasting piece (2000)","5"
"catch a fire (2006)","5"
"the keeper: the legend of omar khayyam (2005)","5"
"knowing (2009)","5"
"drunkboat (2007)","5"
"behind the mask (2003)","5"
"holly (2006)","5"
"red betsy (2003)","5"
"the trouble with dee dee (2005)","5"
"sleep dealer (2008)","5"
"ceremonies of the horsemen (2009)","5"
"the almost guys (2004)","5"
"four 1 liberation front (2008)","5"
"stroke (2000)","5"
"everything's jake (2000)","5"
"accidents happen (2008)","5"
"duck, duck, goose! (2005)","5"
"the stickup (2002)","5"
"run leia run (2003)","5"
"cliché (2003)","5"
"tears of a clown (2005)","5"
"when strangers appear (2001)","5"
"barstow 2008 (2001)","5"
"american identity (2007)","5"
"american chai (2001)","5"
"the nazi officer's wife (2003)","5"
"snipes (2001)","5"
"he got billz (2005)","5"
"blood feast 2: all u can eat (2002)","5"
"the big bad swim (2006)","5"
"boys of summerville (2008)","5"
"the house of the devil (2009)","5"
"three days of rain (2002)","5"
"struck (2008)","5"
"the broken hearts club (2009)","5"
"follow the prophet (2009)","5"
"american style (2008)","5"
"mvp (2003)","5"
"the dancer upstairs (2002)","5"
"the life guard man (2008)","5"
"london betty (2009)","5"
"buy it now (2005)","5"
"the blue tooth virgin (2008)","5"
"chloe's prayer (2006)","5"
"biglove (2001)","5"
"blue state (2007)","5"
"university heights (2004)","5"
"you got nothin' (2002)","5"
"hotel chevalier (2007)","5"
"the event (2003)","5"
"tic (2010)","5"
"killer biker chicks (2009)","5"
"the lost skeleton of cadavra (2001)","5"
"the shape of things (2003)","5"
"buddy 'n' andy (2008)","5"
"the road to canyon lake (2005)","5"
"hostage: a love story (2009)","5"
"trigger happy (2001)","5"
"my little pony: reign of buttercup sprinkles (2009)","5"
"letters from iwo jima (2006)","5"
"jump tomorrow (2001)","5"
"some body (2001)","5"
"ice blues (2008)","5"
"evil angel (2009)","5"
"the man from earth (2007)","5"
"delaney (2008)","5"
"dreaming of julia (2003)","5"
"billy's dad is a fudge-packer (2004)","5"
"bandslam (2009)","5"
"december ends (2006)","5"
"imagining argentina (2003)","5"
"amexicano (2007)","5"
"the harimaya bridge (2009)","5"
"tape (2001)","5"
"shadow of a candle (2008)","5"
"girrl (2007)","5"
"along the way (2007)","5"
"hedwig and the angry inch (2001)","5"
"the negro zone (2003)","5"
"the curiosity of chance (2006)","5"
"zeppo: sinners from beyond the moon! (2007)","5"
"soul flyers (2008)","5"
"grounds zero (2006)","5"
"behaving badly (2009)","5"
"outsourced (2006)","5"
"the brazen bull (2009)","5"
"the exploding girl (2009)","5"
"misconceptions (2008)","5"
"michael's hearing problem (2007)","5"
"attitude (2003)","5"
"chasing sleep (2000)","5"
"watercolors (2008)","5"
"brat 2 (2000)","5"
"china: the panda adventure (2001)","5"
"the tao of steve (2000)","5"
"the kite runner (2007)","5"
"wrestling with angels: playwright tony kushner (2006)","5"
"fastback (2005)","5"
"comeback season (2006)","5"
"illusion (2004)","5"
"borat: cultural learnings of america for make benefit glorious nation of kazakhstan (2006)","5"
"only the brave (2006)","5"
"seventy-8 (2004)","5"
"hard candy (2005)","5"
"in the eyes of a killer (2009)","5"
"the last tomorrow (2007)","5"
"the beverages (2008)","5"
"hostage (2002)","5"
"governmentia (2005)","5"
"matters of life and death (2007)","5"
"looking at animals (2009)","5"
"zoe loses it (2000)","5"
"lbs. (2004)","5"
"constantine's sword (2007)","5"
"the assistants (2009)","5"
"2081 (2009)","5"
"love and honor (2007)","5"
"harvest of redemption (2007)","5"
"our song (2000)","5"
"mort (2005)","5"
"trunk (2008)","5"
"sweet friggin' daisies (2002)","5"
"demption (2008)","5"
"lost (2004)","5"
"blood night (2009)","5"
"man of god (2005)","5"
"down from the mountain (2000)","5"
"land of the free? (2004)","5"
"the boundary (2008)","5"
"causality (2004)","5"
"disconnected (2002)","5"
"creative nonfiction (2009)","5"
"truly blessed (2009)","5"
"death at a funeral (2007)","5"
"being michael madsen (2007)","5"
"dream boy (2008)","5"
"six thugs (2006)","5"
"harmonic distortion (2002)","5"
"fairies (2003)","5"
"bought & sold (2003)","5"
"sarah silverman: jesus is magic (2005)","5"
"nice guys finish last (2001)","5"
"mama, i want to sing! (2009)","5"
"ripley's game (2002)","5"
"once upon a jedi (2004)","4"
"tom goes to the mayor returns (2003)","4"
"the last passport (2009)","4"
"underground (2003)","4"
"go get some rosemary (2009)","4"
"the tiffany problem (2008)","4"
"gerry (2002)","4"
"garbo (2005)","4"
"curt's brain (2006)","4"
"string theory (2002)","4"
"ballets russes (2005)","4"
"god sleeps in rwanda (2005)","4"
"that's the name of that tune (2007)","4"
"shtickmen (2003)","4"
"jedi gym (2008)","4"
"michael jordan to the max (2000)","4"
"dinosaurs alive (2007)","4"
"the fall (2006)","4"
"persepolis (2007)","4"
"the 11th hour (2007)","4"
"the hidden wars of desert storm (2001)","4"
"truth in 24 (2008)","4"
"rebel studz: the uncensored documentary (2007)","4"
"inside deep throat (2005)","4"
"end of the century (2003)","4"
"faded (2005)","4"
"shanghai ghetto (2002)","4"
"on native soil (2006)","4"
"lego: the adventures of clutch powers (2010)","4"
"hyper (2002)","4"
"dale (2007)","4"
"the landlord (2007)","4"
"just one of the gynos (2008)","4"
"i'm king kong!: the exploits of merian c. cooper (2005)","4"
"howard zinn: you can't be neutral on a moving train (2004)","4"
"disneyland: the first 50 magical years (2005)","4"
"weathered (2009)","4"
"polynesian power (2005)","4"
"texas fortune (2005)","4"
"call waiting (2004)","4"
"diva dog: pit bull on wheels (2005)","4"
"black santa's revenge (2007)","4"
"reservations (2003)","4"
"boys night out (2003)","4"
"the weather underground (2002)","4"
"prisoner of paradise (2002)","4"
"the strange case of salman abd al haqq (2007)","4"
"serial (2007)","4"
"eli's liquor store (2007)","4"
"quinceañera (2006)","4"
"shades (2004)","4"
"the haunting of seaside (2007)","4"
"secret santa (2002)","4"
"war made easy: how presidents & pundits keep spinning us to death (2007)","4"
"four more years of vader (2005)","4"
"arctic tale (2007)","4"
"unprecedented: the 2000 presidential election (2002)","4"
"ten: thirty one (2008)","4"
"this is what democracy looks like (2000)","4"
"weapon of mass destruction (2004)","4"
"equal justice (2006)","4"
"bum runner (2002)","4"
"cryptic (2009)","4"
"god grew tired of us: the story of lost boys of sudan (2006)","4"
"the hunting of the president (2004)","4"
"the oil factor: behind the war on terror (2005)","4"
"witch hunt (2008)","4"
"heads n tailz (2005)","4"
"paragraph 175 (2000)","4"
"dance of the dead (2008)","4"
"the gateway arch: a reflection of america (2006)","4"
"we are the world: inside the world (2005)","4"
"the black facade (2008)","4"
"lost in la mancha (2002)","4"
"deep sea (2006)","4"
"prince among slaves (2007)","4"
"kali ma (2007)","3"
"dustclouds (2007)","3"
"lance is a jerk (2006)","3"
"time's up! (2001)","3"
"resurrection county (2008)","3"
"concert for george (2003)","3"
"lucy's piano (2006)","3"
"earthlings (2007)","3"
"slipdream (2005)","3"
"electronica 2 (2008)","3"
"til night (2007)","3"
"the first person (2004)","3"
"electronica (2007)","3"
"jake's corner (2008)","3"
"bazookas: the movie (2009)","3"
"interview with the assassin (2002)","3"
"deadland (2009)","3"
"changing spots (2006)","3"
"40 (2002)","3"
"arrested development (2003)","3"
"weak species (2009)","3"
"the monster (2001)","3"
"the ties that bind (2006)","3"
"little chicago (2005)","3"
"two million stupid women (2009)","3"
"blade of the king concept film (2005)","3"
"onion underwater (2006)","3"
"boy-next-door (2004)","3"
"the great sketch experiment (2006)","3"
"the replacement child (2007)","3"
"brothers. dogs. and god. (2000)","3"
"excavating taylor mead (2005)","3"
"latch key (2005)","3"
"guardian of eden (2008)","3"
"jean claude: the gumming zombie (2009)","3"
"a beautiful life (2004)","3"
"yum yum (2008)","3"
"truth hall (2008)","3"
"the god complex (2009)","3"
"the last attack of the beast (2002)","3"
"happy holidays (2008)","3"
"ribbon of sand (2008)","3"
"sucker lake park (2006)","3"
"how my dad killed dracula (2008)","3"
"holodomor: ukraine's genocide of 1932-33 (2008)","3"
"the end of suffering (2005)","3"
"the price of sugar (2007)","3"
"friends for life (2008)","3"
"cut (2003)","3"
"jesus cooks me breakfast (2007)","3"
"helix (2009)","3"
"the work and the glory (2004)","3"
"wtc view (2005)","3"
"misdirected (2004)","3"
"paper heart (2009)","3"
"the cheapest man in the room (2008)","3"
"chasing the lotus (2006)","3"
"the krone experiment (2005)","3"
"getting out (2002)","3"
"fugly (2001)","3"
"exploring love (2008)","3"
"bitch (2006)","3"
"the maltese murder mystery (2008)","3"
"chuck & buck (2000)","3"
"waiting for yvette (2008)","3"
"hate or date (2004)","3"
"a mock time: a star trek wedding (2007)","3"
"pact (2004)","3"
"charlie thistle (2008)","3"
"waste of space (2009)","3"
"the dark agent and the passing of the torch chapter 7 (2004)","3"
"anacardium (2001)","3"
"the things we do for love (2001)","3"
"youngster (2004)","3"
"killer me (2001)","3"
"perils in nude modeling (2003)","3"
"freddy vs ghostbusters (2004)","3"
"for always (2004)","3"
"tied up (2004)","3"
"golden empire (2005)","3"
"nascar 3d: the imax experience (2004)","3"
"to save a life (2009)","3"
"le grand voyage de giovanni (2008)","3"
"stick it in detroit (2008)","3"
"a mother's promise: barack obama bio film (2008)","3"
"em (2008)","3"
"standing in the shadows of motown (2002)","3"
"christmas in the clouds (2001)","3"
"hobo heaven (2002)","3"
"sweet deadly dreams (2006)","3"
"candor city hospital (2003)","3"
"act your age (2008)","3"
"the penny game (2001)","3"
"the touch (2007)","3"
"mr. warmth: the don rickles project (2007)","3"
"skills like this (2007)","3"
"the dead link (2002)","3"
"nanny and the professional (2005)","3"
"cathedral pines (2006)","3"
"investigaytion (2004)","3"
"the war prayer (2007)","3"
"vampire blvd. (2004)","3"
"3:16 (2006)","3"
"laying down arms (2005)","3"
"the road to empire (2007)","3"
"silent night (2007)","3"
"pox (2008)","3"
"terry tate, office linebacker: sensitivity training (2004)","3"
"the seventh circle (2008)","3"
"clancy (2009)","3"
"the cancer (2003)","3"
"popcorn shrimp (2001)","3"
"mirrormask (2005)","3"
"unlikely heroes (2003)","3"
"return of the ghostbusters (2007)","3"
"krews (2009)","3"
"marrying god (2006)","3"
"dawning (2009)","3"
"t for terrorist (2003)","3"
"sam steele and the junior detective agency (2009)","3"
"time and tide (2006)","3"
"mummies: secrets of the pharaohs (2007)","3"
"the paul decca story (2004)","3"
"america so beautiful (2001)","3"
"the fax (2004)","3"
"my brothers arms (2005)","3"
"coral reef adventure (2003)","3"
"friends (with benefits) (2009)","3"
"an american letter (2006)","3"
"buy the ticket, take the ride: hunter s. thompson on film (2006)","3"
"the indian (2007)","3"
"dead horse (2004)","3"
"buy sell kill: a flea market story (2004)","3"
"fay in the life of dave (2006)","3"
"young folks (2007)","3"
"stupid cupid (2006)","3"
"the tribe (2005)","3"
"voodoo doll (2005)","3"
"an unlikely weapon (2008)","3"
"it's better to be wanted for murder than not to be wanted at all (2003)","3"
"ray of sunshine (2006)","3"
"the 17th man (2004)","3"
"shaheed (2001)","3"
"shine a light (2008)","3"
"wit's end (2005)","3"
"mrs palfrey at the claremont (2005)","3"
"whose dog is it anyway? (2009)","3"
"promtroversy (2005)","3"
"jack rabbit (2006)","3"
"the broken heart of gnocchi bolognese (2009)","3"
"the mirror (2007)","3"
"jay and seth versus the apocalypse (2007)","3"
"the affidavit (2003)","3"
"crescent star (2005)","3"
"jericho (2000)","3"
"monarch of the moon (2005)","3"
"silent night, zombie night (2009)","3"
"dexter's laboratory: chicken scratch (2002)","3"
"the netherbeast of berm-tech industries, inc. (2004)","3"
"rogue 379 (2007)","3"
"big time (2004)","3"
"god's army (2000)","3"
"united 300 (2007)","3"
"axe massacre (2008)","3"
"save me (2006)","3"
"three bullets (2009)","3"
"lovers, liars and lunatics (2006)","3"
"miracle mile (2004)","3"
"the fort fisher hermit: the life & death of robert e. harrill (2004)","3"
"store (2006)","3"
"best kept secret (2006)","3"
"lightning bug (2004)","3"
"a president to remember (2008)","3"
"dreamkiller (2010)","3"
"the goldfish (2003)","3"
"the editor: a man i despise (2008)","3"
"help (2008)","3"
"for heavens sake (2002)","3"
"malèna (2000)","3"
"twisted soul (2007)","3"
"under the sea 3d (2009)","3"
"damn your eyes (2009)","3"
"george bush goes to heaven (2006)","3"
"carlos castaneda: enigma of a sorcerer (2004)","3"
"crime scene: the bobby ray summers story (2008)","3"
"my father's love (2001)","3"
"definite maybe (2002)","3"
"the vaudevillian (2007)","3"
"the wind fisherman (2007)","3"
"dolphins (2000)","3"
"the motel (2005)","3"
"chasing happiness (2009)","3"
"offside (2001)","3"
"the hiding place (2000)","3"
"orchids (2006)","3"
"the fine line between cute and creepy (2002)","3"
"alone with her (2006)","3"
"the lords of praxton (2006)","3"
"beef (2003)","3"
"vieni via con me (2005)","3"
"mr. blue sky (2007)","3"
"the butterfly circus (2009)","3"
"il nascondiglio (2007)","3"
"mystery team (2009)","3"
"dostana (2008)","3"
"the dollhouse (2007)","3"
"relative obscurity (2007)","3"
"the company man (2008)","3"
"gotham cafe (2005)","3"
"the babysitter (2008)","3"
"the silence of bees (2008)","3"
"saving sam (2007)","3"
"lest we forget (2003)","3"
"darling darling (2005)","3"
"the alps (2007)","3"
"disquiet (2006)","3"
"mascara diablo (2005)","3"
"gaydar (2002)","3"
"the trident (2007)","3"
"the decay of fiction (2002)","3"
"love: the movie (2004)","3"
"alibi (2007)","3"
"henry may long (2008)","3"
"god's ears (2007)","3"
"love is for democrats (2006)","3"
"one blood planet (2001)","3"
"the first year's a bitch (2004)","3"
"i think i thought (2008)","3"
"bootmen (2000)","3"
"kyoko (2000)","3"
"p.j. (2008)","3"
"bitter sweet (2006)","3"
"royal kill (2009)","3"
"sex and the usa (2008)","3"
"oil change (2009)","3"
"an inconvenient head (2008)","3"
"the virgin and the demon (2007)","3"
"strange culture (2007)","3"
"over my dead body (2002)","3"
"the eyes of scott robbins (2007)","3"
"studio (2007)","3"
"the diary (2004)","3"
"alias: the roughest cut (2006)","3"
"veer (2009)","3"
"yasin (2006)","3"
"nowhere kids (2009)","3"
"the end of poverty? (2008)","3"
"tiny dancer (2006)","3"
"volcanoes of the deep sea (2003)","3"
"eating out 2: sloppy seconds (2006)","3"
"ghosts of genius (2003)","3"
"for all mankind (2009)","3"
"hemingway, the hunter of death (2001)","3"
"can i get a pickle? (2005)","3"
"back to manhattan (2005)","3"
"do it for johnny (2007)","3"
"damn the past! (2007)","3"
"the uninvited (2008)","3"
"fidel (2001)","3"
"lockdown (2006)","3"
"raising victor vargas (2002)","3"
"outside (2002)","3"
"let's talk (2006)","3"
"ciao (2008)","3"
"court jesters (2005)","3"
"man push cart (2005)","3"
"american icarus (2002)","3"
"redneck carnage (2009)","3"
"running the sahara (2008)","3"
"four fingers of the dragon (2003)","3"
"west 32nd (2007)","3"
"the chipotle diamonds (2005)","3"
"sp!t (2006)","3"
"losing lois lane (2004)","3"
"earl's your uncle (2004)","3"
"hero (2000)","3"
"a place for my head (2006)","3"
"second guessing grandma (2008)","3"
"i'll come running (2008)","3"
"a-date (2007)","3"
"luckey quarter (2005)","3"
"back to the movies (2009)","3"
"chance (2005)","3"
"if only (2004)","3"
"the girl next door (2007)","3"
"quantum hoops (2007)","3"
"lana's rain (2004)","3"
"martial law 9/11: rise of the police state (2005)","3"
"grace (2003)","3"
"date double (2002)","3"
"easy listening (2002)","3"
"bulletface (2010)","3"
"last breath (2001)","3"
"dirty habit (2006)","3"
"john philip sousa gets a haircut (2007)","3"
"the bill (2001)","3"
"blue gold: world water wars (2008)","3"
"myopia (2001)","3"
"about adam (2000)","3"
"janie (2006)","3"
"mind machine (2009)","3"
"recall (2009)","3"
"shadowbox (2005)","3"
"the bag man (2005)","3"
"indebted (2005)","3"
"the belly of the beast (2007)","3"
"sick puppy (2009)","3"
"the bail (2002)","3"
"repo! the genetic opera (2008)","3"
"frankie d (2007)","3"
"send in the clown (2006)","3"
"colonel kill motherfuckers (2008)","3"
"frost (2008)","3"
"pie wars (2004)","3"
"bossa nova (2000)","3"
"the shabbos bigfoot (2006)","3"
"christmas at maxwell's (2006)","3"
"stingray sam (2009)","3"
"a jewel in the sand (2004)","3"
"noah's arc (2004)","3"
"long time no see (2002)","3"
"why germany? (2004)","3"
"daydream believer (2005)","3"
"sacred planet (2004)","3"
"i am david (2003)","3"
"peripheral vision (2008)","3"
"cute couple (2008)","3"
"deceitfully funny (2003)","3"
"the unbearable rightness of diversity (2008)","3"
"gotta make them angels (2004)","3"
"zerophilia (2005)","3"
"quake (2007)","3"
"first night (2007)","3"
"cottonmouth (2009)","3"
"teenage dirtbag (2009)","3"
"jimbo's a' comin' (2002)","3"
"the grey (2004)","3"
"the cabinet of dr. caligari (2005)","3"
"we believe (2009)","3"
"leo las vegas (2005)","3"
"it's not unusual (2000)","3"
"padre nuestro (2007)","3"
"hard pill (2005)","3"
"roving mars (2006)","3"
"do geese see god? (2004)","3"
"happy tree friends: ski patrol (2006)","3"
"huo yuan jia (2006)","3"
"the flying scissors (2009)","3"
"zen noir (2004)","3"
"peter's price (2005)","3"
"the attic door (2009)","3"
"pee stains and other disasters (2005)","3"
"the last real cowboys (2000)","3"
"pretty dead girl (2004)","3"
"faster (2003)","3"
"judge koan (2003)","3"
"deadbox (2007)","3"
"cirque du soleil: journey of man (2000)","3"
"wormhole chasers (2008)","3"
"a letter to true (2004)","3"
"hole in the paper sky (2008)","3"
"signage (2007)","3"
"the 24th day (2004)","3"
"shortbus (2006)","3"
"my father's house (2002)","3"
"for mature audiences only (2002)","3"
"bustin' down the door (2008)","3"
"watch & learn (2007)","3"
"fits (2004)","3"
"dalai lama renaissance (2007)","3"
"jackass number two (2006)","3"
"still the drums (2009)","3"
"when the sky falls (2000)","3"
"big eden (2000)","3"
"see dick run (2009)","3"
"when you're strange (2009)","3"
"that night (2005)","3"
"art room (2009)","3"
"nine lives (2004)","3"
"the last supper (2006)","3"
"5 (2007)","3"
"unbalanced breakfast (2009)","3"
"center of the universe (2008)","3"
"buck naked arson (2001)","3"
"old joy (2006)","3"
"the mexican dream (2003)","3"
"return to innocence (2001)","3"
"brown eyed girl (2001)","3"
"undisputed ii: last man standing (2006)","3"
"rule of three (2008)","3"
"the vision (2009)","3"
"boy culture (2006)","3"
"approval (2008)","3"
"ride (2002)","3"
"the soldier (2003)","3"
"the fourth (2004)","3"
"the imposter (2008)","3"
"the champ (2008)","3"
"small avalanches (2007)","3"
"the screening (2007)","3"
"pop foul (2006)","3"
"other side of the road (2003)","3"
"what joan knows (2007)","3"
"infection (2005)","3"
"the last job (2007)","3"
"everyman's war (2009)","3"
"the little traitor (2007)","3"
"sea of dreams (2006)","3"
"office outbreak (2006)","3"
"escanaba in da moonlight (2001)","3"
"laws of gambling (2005)","3"
"on the rocks (2006)","3"
"will to power (2008)","3"
"the courier (2007)","3"
"natural disasters: forces of nature (2004)","3"
"renounced (2007)","3"
"the speed of life (2007)","3"
"blur (2004)","3"
"you are alone (2005)","3"
"the gate of fallen angels (2009)","3"
"last meal (2008)","3"
"sex and justice (2008)","3"
"ptown diaries (2009)","3"
"dear jimmy (2005)","3"
"blessed is the match: the life and death of hannah senesh (2008)","3"
"home security (2003)","3"
"sleeping dogs lie (2005)","3"
"pomegranate (2005)","3"
"you belong to me (2007)","3"
"remembering november (2002)","3"
"angus, thongs and perfect snogging (2008)","3"
"lock her room (2003)","3"
"the whizzard of ow (2003)","3"
"rainbow's end (2005)","3"
"dirty oil (2009)","3"
"cell call (2005)","3"
"sparky (2003)","3"
"the aryan couple (2004)","3"
"grand canyon adventure: river at risk (2008)","3"
"long road to paradise (2001)","3"
"new suit (2002)","3"
"unsavory characters (2001)","3"
"on the lot (2007)","3"
"dogtown and z-boys (2001)","3"
"into the arms of strangers: stories of the kindertransport (2000)","3"
"the sunday morning stripper (2003)","3"
"harrison bergeron (2006)","3"
"south of no north (2009)","3"
"a starbucks story (2005)","3"
"the last guy on earth (2006)","3"
"cq (2001)","3"
"black holes: the other side of infinity (2006)","3"
"the scoundrel's wife (2002)","3"
"singularity (2007)","3"
"downsized (2008)","3"
"getting rachel back (2003)","3"
"the british man vs cash dispenser (2005)","3"
"made in america (2008)","3"
"exorcist chronicles (2007)","3"
"repo! the genetic opera (2006)","3"
"kidnapping caitlynn (2009)","3"
"greeley's field (2006)","3"
"master of the game (2002)","3"
"hindsight is 20/20... (2004)","3"
"the sexy chef (2002)","3"
"hierarchy (2009)","3"
"mr. dramatic (2005)","3"
"momma's man (2008)","3"
"testify (2006)","3"
"east of west (2000)","3"
"after twilight (2005)","3"
"ghosts of attica (2001)","3"
"red bird (2005)","3"
"crush (2000)","3"
"the red line (2008)","3"
"back up, please (2003)","3"
"it might get loud (2008)","3"
"festival in cannes (2001)","3"
"hip! edgy! quirky! (2002)","3"
"hope and play (2004)","3"
"helen (2009)","3"
"golemata voda (2004)","3"
"cross bronx (2004)","3"
"my grapefruit, my father (2004)","3"
"quality of life (2004)","3"
"diplomacy (2009)","3"
"the dot man (2008)","3"
"moving (2006)","3"
"darkroom (2008)","3"
"hercules in hollywood (2005)","3"
"breathe (2003)","3"
"a grocery story (2005)","3"
"at day's end (2006)","3"
"saints and soldiers (2003)","3"
"livewire (2007)","3"
"man overboard (2008)","3"
"living 'til the end (2005)","3"
"just hustle (2004)","3"
"indie film adventures (2005)","3"
"meridian (2002)","3"
"the condemned (2007)","3"
"the blue butterfly (2004)","3"
"the capitalist (2008)","3"
"the others (2001)","3"
"missing pieces (2008)","3"
"death's door (2008)","3"
"the pleasure of being robbed (2008)","3"
"the prince of light (2000)","3"
"i am woody (2003)","3"
"noah's arc: jumping the broom (2008)","3"
"the bread, my sweet (2001)","3"
"the great year (2004)","3"
"adopt a sailor (2008)","3"
"tom's wife (2004)","3"
"i remember you now... (2005)","3"
"the tivo (2009)","3"
"the frequency of claire (2008)","3"
"the tehuacan project (2007)","3"
"the beginning (2007)","3"
"the door (2005)","3"
"strawberry's letter (2001)","3"
"member (2001)","3"
"antibody (2008)","3"
"codename: simon (2004)","3"
"gone with the pope (2010)","3"
"side show (2003)","3"
"wrong hollywood number (2003)","3"
"the other side of heaven (2001)","3"
"cremaster 3 (2002)","3"
"die fast and quiet (2008)","3"
"fighting tommy riley (2005)","3"
"dead doornails (2007)","3"
"the phobic (2006)","3"
"the killing hour (2009)","3"
"room 27 (2005)","3"
"the honeyfields (2006)","3"
"untitled: 003-embryo (2002)","3"
"grayson (2004)","3"
"the path of torment (2009)","3"
"maestro percival (2007)","3"
"believers among us (2005)","3"
"shotgun stories (2007)","3"
"children of invention (2009)","3"
"shadow magic (2000)","3"
"requiem for billy the kid (2006)","3"
"alleyball (2006)","3"
"rent: filmed live on broadway (2008)","3"
"brooklyn force (2008)","3"
"three long years (2003)","3"
"what they wanted, what they got (2001)","3"
"before the rains (2007)","3"
"valentine man (2004)","3"
"laffit: all about winning (2006)","3"
"a fix (2008)","3"
"the devil's filmmaker: bohica (2003)","3"
"living in walter's world (2003)","3"
"until morning (2002)","3"
"emily (2004)","3"
"bye bye sally (2009)","3"
"macau twilight (2007)","3"
"guns, drugs and dirty money (2005)","3"
"britney, baby, one more time (2002)","3"
"the sunday man (2007)","3"
"harvey daggit and the devil's olives (2007)","3"
"kidnap madonna's baby (2000)","3"
"across the hall (2005)","3"
"i can see you (2008)","3"
"fight or flight (2003)","3"
"the utah murder project (2006)","3"
"monday night gig (2005)","3"
"morgan's last call (2009)","3"
"low (2008)","3"
"cave women on mars (2008)","3"
"blue collar comedy tour: the movie (2003)","3"
"the hammer (2007)","3"
"on the other hand, death (2008)","3"
"induction (2005)","3"
"the albino code (2006)","3"
"pee shy (2004)","3"
"big heart city (2008)","3"
"spin (2005)","3"
"secrets of the code (2006)","3"
"amerikana (2001)","3"
"dirty politics (2009)","3"
"the becoming (2006)","3"
"something in the clearing (2006)","3"
"in the weeds (2000)","3"
"strictly sexual (2008)","3"
"pedro (2008)","3"
"fortune hunters (2007)","3"
"palo alto, ca (2007)","3"
"ten seconds to midnight (2007)","3"
"legion: the word made flesh (2005)","3"
"minty: the assassin (2008)","3"
"barking water (2009)","3"
"voyeur (2006)","3"
"the other side of paradise (2009)","3"
"american desi (2001)","3"
"i have never forgotten you: the life & legacy of simon wiesenthal (2007)","3"
"strange girls (2007)","3"
"november (2005)","3"
"states of grace (2005)","3"
"the korean (2008)","3"
"shiner (2006)","3"
"addiction (2003)","3"
"tofu the vegan zombie in zombie dearest (2007)","3"
"upheaval (2001)","3"
"diamonds bullets & fate (2005)","3"
"who killed the electric car? (2006)","3"
"shift (2006)","3"
"wheels (2002)","3"
"fortunate son (2004)","3"
"tranny mcguyver (2008)","3"
"out-of-body experience (2004)","3"
"sarah at twelve (2002)","3"
"carried away (2009)","3"
"wmd: weapons of mass deception (2004)","3"
"artsy fartsy (2004)","3"
"the duel (2006)","3"
"albert fish: in sin he found salvation (2007)","3"
"stay until tomorrow (2004)","3"
"the alyson stoner project (2009)","3"
"no. 6 (2006)","3"
"groom with a view (2007)","3"
"i.o.u.s.a. (2008)","3"
"followers (2000)","3"
"a stupid movie for jerks (2007)","3"
"down to the bone (2004)","3"
"ten inch hero (2007)","3"
"scout's honor (2009)","3"
"prologue (2003)","3"
"black dragon (2003)","3"
"my run (2009)","3"
"csi:snackbar (2006)","3"
"hum (2002)","3"
"bloodbath (2007)","3"
"the surreal world: tatooine episode 1.5 (2001)","3"
"menace (2001)","3"
"when nietzsche wept (2007)","3"
"seven's eleven (2004)","3"
"forever plaid (2008)","3"
"the brightness you keep (2000)","3"
"midnight blue (2003)","3"
"front (2007)","3"
"a thousand years of good prayers (2007)","3"
"god and country (2008)","3"
"the trials of henry kissinger (2002)","3"
"interstate (2004)","3"
"ctrl z (2007)","3"
"a study in the orientation of han sum (2006)","3"
"stop that cycle (2004)","3"
"chance (2002)","3"
"the elephant king (2006)","3"
"the eyes have it (2007)","3"
"red doors (2005)","3"
"sons of the rodeo (2005)","3"
"hollywood (2006)","3"
"the key (2006)","3"
"trail end (2007)","3"
"the talent given us (2004)","3"
"august the first (2007)","3"
"pat gets a cat (2005)","3"
"eleven (2006)","3"
"scumrock (2002)","3"
"everything is illuminated (2005)","3"
"exit through the gift shop (2010)","3"
"the deserter (2003)","3"
"the gymnast (2006)","3"
"space station 3d (2002)","3"
"matthew 26:17 (2005)","3"
"once upon a time in the desert (2005)","3"
"jealous (2009)","3"
"chasing daylight (2004)","3"
"the cleaning lady (2005)","3"
"arizona seaside (2007)","3"
"jinx! (2007)","3"
"an insomniac's nightmare (2003)","3"
"bocce balls (2005)","3"
"ever again (2006)","3"
"homefront (2005)","3"
"where eskimos live (2002)","3"
"fixed (2005)","3"
"rambo (2008)","3"
"an inconvenient truth (2006)","3"
"generation mason (2005)","3"
"a cerebral print halloween special (2004)","3"
"the art of amália (2000)","3"
"twilight: los angeles (2000)","3"
"looking for jimmy (2002)","3"
"cordially invited (2007)","3"
"living in missouri (2001)","3"
"a way with murder (2009)","3"
"two divorced guys in a bar (2005)","3"
"green dragon (2001)","3"
"package for maxwell (2007)","3"
"the importance of blind dating (2005)","3"
"reclaiming the blade (2009)","3"
"american beauty pie (2000)","3"
"crack kildare (2003)","3"
"enron: the smartest guys in the room (2005)","3"
"tahiti (2003)","3"
"summer running: the race to cure breast cancer (2006)","3"
"the profit (2001)","3"
"the butler's in love (2008)","3"
"maestro (2004)","3"
"dan danger (2002)","2"
"silent screamplay (2003)","2"
"the violent kind (2002)","2"
"soarin' over california (2001)","2"
