"the simpsons movie (2007)","69"
"eagle eye (2008)","49"
"walk hard: the dewey cox story (2007)","41"
"the animatrix (2003)","39"
"x-men: the last stand (2006)","39"
"new york, i love you (2009)","39"
"spider-man 3 (2007)","39"
"grindhouse (2007)","38"
"runaway jury (2003)","36"
"traffic (2000)","36"
"flags of our fathers (2006)","36"
"for your consideration (2006)","35"
"horton hears a who! (2008)","34"
"cars (2006)","33"
"the dark knight (2008)","33"
"the curious case of benjamin button (2008)","32"
"austin powers in goldmember (2002)","32"
"world trade center (2006)","32"
"spider-man 2 (2004)","32"
"x2 (2003)","31"
"the departed (2006)","31"
"the haunted world of el superbeasto (2009)","31"
"catch me if you can (2002)","30"
"public enemies (2009)","30"
"harry potter and the order of the phoenix (2007)","30"
"american gangster (2007)","30"
"transformers (2007)","30"
"ocean's thirteen (2007)","30"
"sin city (2005)","30"
"transformers: revenge of the fallen (2009)","29"
"a christmas carol (2009)","29"
"national treasure: book of secrets (2007)","29"
"run ronnie run (2002)","29"
"the express (2008)","28"
"state of play (2009)","28"
"shrek the third (2007)","28"
"the soloist (2009)","28"
"the spongebob squarepants movie (2004)","28"
"minority report (2002)","27"
"war of the worlds (2005)","27"
"ice age: the meltdown (2006)","27"
"what just happened (2008)","27"
"deja vu (2006)","26"
"harry potter and the goblet of fire (2005)","26"
"harry potter and the prisoner of azkaban (2004)","26"
"star trek (2009)","26"
"yes man (2008)","26"
"harry potter and the chamber of secrets (2002)","26"
"bobby (2006)","25"
"enchanted (2007)","25"
"pirates of the caribbean: at world's end (2007)","25"
"pirates of the caribbean: dead man's chest (2006)","25"
"he's just not that into you (2009)","25"
"across the universe (2007)","25"
"invincible (2006)","25"
"the island (2005)","25"
"the good shepherd (2006)","24"
"ocean's twelve (2004)","24"
"syriana (2005)","24"
"the terminal (2004)","24"
"synecdoche, new york (2008)","24"
"beyond all boundaries (2009)","24"
"glory road (2006)","24"
"starsky & hutch (2004)","24"
"harry potter and the half-blood prince (2009)","24"
"i love you phillip morris (2009)","24"
"live free or die hard (2007)","24"
"the taking of pelham 1 2 3 (2009)","24"
"harry potter and the sorcerer's stone (2001)","23"
"the aviator (2004)","23"
"artificial intelligence: ai (2001)","23"
"charlie wilson's war (2007)","23"
"spider-man (2002)","23"
"surf's up (2007)","23"
"fun with dick and jane (2005)","23"
"the invasion (2007)","23"
"almost famous (2000)","23"
"monsters, inc. (2001)","23"
"the manchurian candidate (2004)","23"
"changing lanes (2002)","23"
"cold mountain (2003)","23"
"american pie 2 (2001)","23"
"anchorman: the legend of ron burgundy (2004)","23"
"monsters vs aliens (2009)","22"
"madagascar: escape 2 africa (2008)","22"
"ocean's eleven (2001)","22"
"the alibi (2006)","22"
"the lord of the rings: the return of the king (2003)","22"
"kinsey (2004)","22"
"the bad lieutenant: port of call - new orleans (2009)","22"
"tropic thunder (2008)","22"
"burn after reading (2008)","22"
"righteous kill (2008)","22"
"harold & kumar escape from guantanamo bay (2008)","22"
"collateral (2004)","22"
"mystic river (2003)","22"
"national treasure (2004)","22"
"the interpreter (2005)","22"
"black hawk down (2001)","21"
"duplicity (2009)","21"
"cirque du freak: the vampire's assistant (2009)","21"
"x-men (2000)","21"
"happy feet (2006)","21"
"the laramie project (2002)","21"
"night at the museum: battle of the smithsonian (2009)","21"
"going to pieces: the rise and fall of the slasher film (2006)","21"
"find me guilty (2006)","21"
"pineapple express (2008)","21"
"in the valley of elah (2007)","21"
"cinderella man (2005)","21"
"iron man (2008)","21"
"changeling (2008)","21"
"the tv set (2006)","21"
"red dragon (2002)","21"
"the producers (2005)","21"
"leatherheads (2008)","21"
"the hoax (2006)","21"
"heartbreakers (2001)","21"
"fanboys (2008)","21"
"the day after tomorrow (2004)","20"
"what doesn't kill you (2008)","20"
"watchmen (2009)","20"
"bruce almighty (2003)","20"
"cloudy with a chance of meatballs (2009)","20"
"shrek 2 (2004)","20"
"21 (2008)","20"
"bedtime stories (2008)","20"
"the hitchhiker's guide to the galaxy (2005)","20"
"knocked up (2007)","20"
"mission: impossible iii (2006)","20"
"a mighty wind (2003)","20"
"the 40 year old virgin (2005)","20"
"get smart (2008)","20"
"thirteen days (2000)","20"
"the grand (2007)","20"
"best in show (2000)","20"
"ali (2001)","20"
"lords of dogtown (2005)","20"
"i'm not there. (2007)","20"
"michael clayton (2007)","20"
"i now pronounce you chuck & larry (2007)","20"
"vanilla sky (2001)","20"
"the man who wasn't there (2001)","19"
"the lord of the rings: the fellowship of the ring (2001)","19"
"the men who stare at goats (2009)","19"
"angels & demons (2009)","19"
"north country (2005)","19"
"robots (2005)","19"
"gods and generals (2003)","19"
"the bourne ultimatum (2007)","19"
"big fish (2003)","19"
"13 going on 30 (2004)","19"
"the sum of all fears (2002)","19"
"the lord of the rings: the two towers (2002)","19"
"a lot like love (2005)","19"
"lemony snicket's a series of unfortunate events (2004)","19"
"gone in sixty seconds (2000)","19"
"the astronaut farmer (2006)","19"
"talladega nights: the ballad of ricky bobby (2006)","19"
"bee movie (2007)","19"
"the wrestler (2008)","18"
"the royal tenenbaums (2001)","18"
"thank you for smoking (2005)","18"
"crank: high voltage (2009)","18"
"the private lives of pippa lee (2009)","18"
"astro boy (2009)","18"
"the nanny diaries (2007)","18"
"blades of glory (2007)","18"
"zoolander (2001)","18"
"rent (2005)","18"
"the onion movie (2008)","18"
"recess: school's out (2001)","18"
"the rebound (2009)","18"
"shutter island (2010)","18"
"anger management (2003)","18"
"batman begins (2005)","18"
"school for scoundrels (2006)","18"
"cellular (2004)","18"
"the united states of leland (2003)","18"
"old school (2003)","18"
"body of lies (2008)","18"
"miami vice (2006)","18"
"the dead girl (2006)","18"
"the number 23 (2007)","18"
"winged creatures (2008)","18"
"up (2009)","18"
"the yards (2000)","18"
"wedding crashers (2005)","18"
"tmnt (2007)","18"
"marilyn hotchkiss' ballroom dancing & charm school (2005)","18"
"the incredible hulk (2008)","18"
"hannibal (2001)","18"
"wild hogs (2007)","17"
"battle in seattle (2007)","17"
"funny people (2009)","17"
"gosford park (2001)","17"
"step brothers (2008)","17"
"mona lisa smile (2003)","17"
"dodgeball: a true underdog story (2004)","17"
"street kings (2008)","17"
"the pledge (2001)","17"
"law abiding citizen (2009)","17"
"ladder 49 (2004)","17"
"wristcutters: a love story (2006)","17"
"the sisterhood of the traveling pants 2 (2008)","17"
"we own the night (2007)","17"
"american violet (2008)","17"
"before the devil knows you're dead (2007)","17"
"melinda and melinda (2004)","17"
"the ant bully (2006)","17"
"terra (2007)","17"
"definitely, maybe (2008)","17"
"julie & julia (2009)","17"
"art school confidential (2006)","17"
"elf (2003)","17"
"the maiden heist (2009)","17"
"the brave one (2007)","17"
"the great buck howard (2008)","17"
"remember the titans (2000)","17"
"after the sunset (2004)","17"
"hancock (2008)","17"
"all the king's men (2006)","17"
"little miss sunshine (2006)","16"
"good night, and good luck. (2005)","16"
"accepted (2006)","16"
"big trouble (2002)","16"
"fast & furious (2009)","16"
"the golden compass (2007)","16"
"madagascar (2005)","16"
"idiocracy (2006)","16"
"alice in wonderland (2010)","16"
"terminator salvation (2009)","16"
"august rush (2007)","16"
"soul men (2008)","16"
"sunshine cleaning (2008)","16"
"halloween (2007)","16"
"indiana jones and the kingdom of the crystal skull (2008)","16"
"s1m0ne (2002)","16"
"treasure planet (2002)","16"
"what women want (2000)","16"
"riding in cars with boys (2001)","16"
"the village (2004)","16"
"constantine (2005)","16"
"3:10 to yuma (2007)","16"
"over the hedge (2006)","16"
"orange county (2002)","16"
"million dollar baby (2004)","16"
"the longest yard (2005)","16"
"something's gotta give (2003)","16"
"pirates of the caribbean: the curse of the black pearl (2003)","16"
"confessions of a dangerous mind (2002)","16"
"the butterfly effect (2004)","16"
"swordfish (2001)","16"
"magnificent desolation: walking on the moon 3d (2005)","16"
"the notorious bettie page (2005)","16"
"charlotte's web (2006)","16"
"american gun (2005)","16"
"we are marshall (2006)","16"
"imaginary heroes (2004)","16"
"the majestic (2001)","16"
"the sentinel (2006)","16"
"monster (2003)","16"
"leaves of grass (2009)","16"
"brother bear (2003)","16"
"beowulf (2007)","16"
"frost/nixon (2008)","16"
"phone booth (2002)","16"
"factory girl (2006)","15"
"the human stain (2003)","15"
"purple violets (2007)","15"
"ghost world (2001)","15"
"boiler room (2000)","15"
"land of the dead (2005)","15"
"adaptation. (2002)","15"
"dreamer: inspired by a true story (2005)","15"
"the salton sea (2002)","15"
"inland empire (2006)","15"
"the punisher (2004)","15"
"the gift (2000)","15"
"chicago (2002)","15"
"nine lives (2005)","15"
"the informant! (2009)","15"
"k-pax (2001)","15"
"personal velocity: three portraits (2002)","15"
"the ugly truth (2009)","15"
"o brother, where art thou? (2000)","15"
"tenacious d in the pick of destiny (2006)","15"
"the great debaters (2007)","15"
"paycheck (2003)","15"
"in her shoes (2005)","15"
"final fantasy: the spirits within (2001)","15"
"the kingdom (2007)","15"
"27 dresses (2008)","15"
"the invention of lying (2009)","15"
"gone baby gone (2007)","15"
"crossing over (2009)","15"
"bolt (2008)","15"
"nothing is private (2007)","15"
"the lucky ones (2008)","15"
"inside man (2006)","15"
"role models (2008)","15"
"wall·e (2008)","15"
"stories of lost souls (2005)","15"
"a guide to recognizing your saints (2006)","15"
"away we go (2009)","15"
"the moguls (2005)","15"
"me, myself & irene (2000)","15"
"the tale of despereaux (2008)","15"
"i am sam (2001)","15"
"sky high (2005)","15"
"the merry gentleman (2008)","15"
"looney tunes: back in action (2003)","15"
"seven pounds (2008)","15"
"love actually (2003)","15"
"neo ned (2005)","15"
"ice age (2002)","15"
"igby goes down (2002)","15"
"who do you love (2008)","15"
"kiss kiss bang bang (2005)","15"
"nick and norah's infinite playlist (2008)","15"
"finishing the game: the search for a new bruce lee (2007)","15"
"bad boys ii (2003)","15"
"romance & cigarettes (2005)","15"
"pride and glory (2008)","15"
"strangers with candy (2005)","15"
"stranger than fiction (2006)","14"
"big stan (2007)","14"
"shrek (2001)","14"
"lonely hearts (2006)","14"
"i heart huckabees (2004)","14"
"curious george (2006)","14"
"edge of darkness (2010)","14"
"kung fu panda (2008)","14"
"a beautiful mind (2001)","14"
"house of d (2004)","14"
"the hangover (2009)","14"
"fever pitch (2005)","14"
"neal cassady (2007)","14"
"no country for old men (2007)","14"
"john q (2002)","14"
"seabiscuit (2003)","14"
"baby mama (2008)","14"
"high fidelity (2000)","14"
"choke (2008)","14"
"bobby jones: stroke of genius (2004)","14"
"legally blonde (2001)","14"
"kill bill: vol. 2 (2004)","14"
"my one and only (2009)","14"
"wonderland (2003)","14"
"the life and death of peter sellers (2004)","14"
"in good company (2004)","14"
"requiem for a dream (2000)","14"
"delirious (2006)","14"
"whatever works (2009)","14"
"my own love song (2010)","14"
"i, robot (2004)","14"
"the replacements (2000)","14"
"revolutionary road (2008)","14"
"the badge (2002)","14"
"the assassination of jesse james by the coward robert ford (2007)","14"
"unknown (2006)","14"
"bottle shock (2008)","14"
"smokin' aces (2006)","14"
"the game plan (2007)","14"
"osmosis jones (2001)","14"
"the anniversary party (2001)","14"
"the hours (2002)","14"
"superbad (2007)","14"
"intolerable cruelty (2003)","14"
"state and main (2000)","14"
"gladiator (2000)","14"
"elizabethtown (2005)","14"
"the bourne supremacy (2004)","14"
"infamous (2006)","14"
"the devil wears prada (2006)","14"
"hellboy ii: the golden army (2008)","14"
"the assassination of richard nixon (2004)","14"
"the toe tactic (2008)","14"
"storytelling (2001)","14"
"matchstick men (2003)","14"
"auto focus (2002)","14"
"the midnight meat train (2008)","14"
"the game of their lives (2005)","14"
"the perfect storm (2000)","14"
"cop out (2010)","14"
"the family man (2000)","14"
"hairspray (2007)","14"
"the baxter (2005)","14"
"the perfect game (2009)","14"
"the contender (2000)","13"
"gardener of eden (2007)","13"
"unforgivable blackness: the rise and fall of jack johnson (2004)","13"
"the chumscrubber (2005)","13"
"mr. & mrs. smith (2005)","13"
"road to perdition (2002)","13"
"i love you, man (2009)","13"
"pretty persuasion (2005)","13"
"prime (2005)","13"
"nobel son (2007)","13"
"white oleander (2002)","13"
"the road to el dorado (2000)","13"
"pollock (2000)","13"
"alpha dog (2006)","13"
"far from heaven (2002)","13"
"death to smoochy (2002)","13"
"the patriot (2000)","13"
"the devil's rejects (2005)","13"
"seraphim falls (2006)","13"
"spun (2002)","13"
"the prestige (2006)","13"
"planet terror (2007)","13"
"50 first dates (2004)","13"
"two for the money (2005)","13"
"the fountain (2006)","13"
"jay and silent bob strike back (2001)","13"
"the italian job (2003)","13"
"the school of rock (2003)","13"
"hoodwinked! (2005)","13"
"kate & leopold (2001)","13"
"the new world (2005)","13"
"cadillac records (2008)","13"
"be kind rewind (2008)","13"
"the matrix revolutions (2003)","13"
"chain of fools (2000)","13"
"flushed away (2006)","13"
"into the wild (2007)","13"
"rush hour 3 (2007)","13"
"holes (2003)","13"
"saw iv (2007)","13"
"confidence (2003)","13"
"21 grams (2003)","13"
"impostor (2001)","13"
"coach carter (2005)","13"
"beerfest (2006)","13"
"american splendor (2003)","13"
"no reservations (2007)","13"
"it's complicated (2009)","13"
"open season (2006)","13"
"last holiday (2006)","13"
"chicago 10 (2007)","13"
"ira & abby (2006)","13"
"friends with money (2006)","13"
"broken flowers (2005)","13"
"cleaner (2007)","13"
"assault on precinct 13 (2005)","13"
"i'm with lucy (2002)","13"
"timecode (2000)","13"
"brooklyn's finest (2009)","13"
"25th hour (2002)","13"
"gigantic (2008)","13"
"puppy love (2008)","13"
"high crimes (2002)","13"
"forgetting sarah marshall (2008)","13"
"16 blocks (2006)","13"
"che: part one (2008)","13"
"ice age: dawn of the dinosaurs (2009)","13"
"running with scissors (2006)","13"
"stephanie daley (2006)","13"
"donnie darko (2001)","13"
"munich (2005)","12"
"unbreakable (2000)","12"
"the heart is deceitful above all things (2004)","12"
"mysterious skin (2004)","12"
"the holiday (2006)","12"
"jersey girl (2004)","12"
"kingdom of heaven (2005)","12"
"v for vendetta (2005)","12"
"the legend of bagger vance (2000)","12"
"things we lost in the fire (2007)","12"
"the princess and the frog (2009)","12"
"how to lose a guy in 10 days (2003)","12"
"shrink (2009)","12"
"the exorcism of emily rose (2005)","12"
"the polar express (2004)","12"
"hollywoodland (2006)","12"
"things you can tell just by looking at her (2000)","12"
"the nines (2007)","12"
"antwone fisher (2002)","12"
"dreamgirls (2006)","12"
"spy game (2001)","12"
"please give (2010)","12"
"the blind side (2009)","12"
"the believer (2001)","12"
"training day (2001)","12"
"hearts in atlantis (2001)","12"
"the shipping news (2001)","12"
"surrogates (2009)","12"
"edmond (2005)","12"
"blow (2001)","12"
"the rules of attraction (2002)","12"
"made (2001)","12"
"gangs of new york (2002)","12"
"kit kittredge: an american girl (2008)","12"
"eurotrip (2004)","12"
"everybody's fine (2009)","12"
"finding nemo (2003)","12"
"nurse betty (2000)","12"
"american wedding (2003)","12"
"15 minutes (2001)","12"
"dark blue (2002)","12"
"hamlet (2000)","12"
"just like heaven (2005)","12"
"arlen faber (2009)","12"
"lilo & stitch (2002)","12"
"identity (2003)","12"
"dawn of the dead (2004)","12"
"hamlet 2 (2008)","12"
"stage beauty (2004)","12"
"snakes on a plane (2006)","12"
"gridiron gang (2006)","12"
"walk the line (2005)","12"
"fast food nation (2006)","12"
"harold & kumar go to white castle (2004)","12"
"down in the valley (2005)","12"
"cloverfield (2008)","12"
"black irish (2007)","12"
"the life of david gale (2003)","12"
"rat race (2001)","12"
"jarhead (2005)","12"
"powder blue (2009)","12"
"ca$h (2010)","12"
"garden state (2004)","12"
"my sister's keeper (2009)","12"
"the matrix reloaded (2003)","12"
"star wars: episode ii - attack of the clones (2002)","12"
"hollywood ending (2002)","12"
"the incredibles (2004)","12"
"secondhand lions (2003)","12"
"game 6 (2005)","12"
"the good german (2006)","12"
"x-men origins: wolverine (2009)","12"
"criminal (2004)","12"
"igor (2008)","12"
"hachiko: a dog's story (2009)","12"
"music and lyrics (2007)","12"
"vampire hunter d: bloodlust (2000)","12"
"flightplan (2005)","12"
"date night (2010)","12"
"down with love (2003)","12"
"the battle of shaker heights (2003)","12"
"ratatouille (2007)","12"
"four brothers (2005)","12"
"the lovely bones (2009)","12"
"felon (2008)","12"
"redbelt (2008)","12"
"kill bill: vol. 1 (2003)","12"
"the last time (2006)","12"
"running scared (2006)","12"
"an american crime (2007)","12"
"finding neverland (2004)","12"
"the clearing (2004)","12"
"bad santa (2003)","12"
"noel (2004)","11"
"evening (2007)","11"
"happy accidents (2000)","11"
"$5 a day (2008)","11"
"sideways (2004)","11"
"joe gould's secret (2000)","11"
"the emperor's club (2002)","11"
"vicky cristina barcelona (2008)","11"
"the cell (2000)","11"
"red eye (2005)","11"
"the chronicles of riddick (2004)","11"
"the elder son (2006)","11"
"snatch. (2000)","11"
"broken english (2007)","11"
"case 39 (2009)","11"
"flakes (2007)","11"
"reign over me (2007)","11"
"road trip (2000)","11"
"sex drive (2008)","11"
"solitary man (2009)","11"
"the book of eli (2010)","11"
"spartan (2004)","11"
"how to get the man's foot outta your ass (2003)","11"
"don't say a word (2001)","11"
"the mist (2007)","11"
"taking woodstock (2009)","11"
"kick-ass (2010)","11"
"in the electric mist (2009)","11"
"the skeleton key (2005)","11"
"saw iii (2006)","11"
"hellboy (2004)","11"
"resurrecting the champ (2007)","11"
"the life before her eyes (2007)","11"
"extraordinary measures (2010)","11"
"cyberworld (2000)","11"
"i want someone to eat cheese with (2006)","11"
"observe and report (2009)","11"
"sex and death 101 (2007)","11"
"extract (2009)","11"
"we were soldiers (2002)","11"
"nicholas nickleby (2002)","11"
"meet the parents (2000)","11"
"the notebook (2004)","11"
"happy endings (2005)","11"
"bill (2007)","11"
"night at the museum (2006)","11"
"city by the sea (2002)","11"
"a prairie home companion (2006)","11"
"capote (2005)","11"
"the brothers bloom (2008)","11"
"takedown (2000)","11"
"serendipity (2001)","11"
"rules of engagement (2000)","11"
"troy (2004)","11"
"born to fight 2008 (2008)","11"
"heights (2005)","11"
"the loss of a teardrop diamond (2008)","11"
"a love song for bobby long (2004)","11"
"titan a.e. (2000)","11"
"drag me to hell (2009)","11"
"the ladykillers (2004)","11"
"fast food fast women (2000)","11"
"the dukes (2007)","11"
"love liza (2002)","11"
"10th & wolf (2006)","11"
"(500) days of summer (2009)","11"
"sympathy for delicious (2010)","11"
"sinbad: legend of the seven seas (2003)","11"
"spicy mac project (2009)","11"
"where the money is (2000)","11"
"meet the fockers (2004)","11"
"tigerland (2000)","11"
"notorious (2009)","11"
"bandits (2001)","11"
"death proof (2007)","11"
"the good girl (2002)","11"
"cold souls (2009)","11"
"the last kiss (2006)","11"
"don't come knocking (2005)","11"
"shopgirl (2005)","11"
"the slammin' salmon (2009)","11"
"the namesake (2006)","11"
"mother and child (2009)","11"
"erin brockovich (2000)","11"
"the good life (2007)","11"
"dedication (2007)","11"
"lucky number slevin (2006)","11"
"the station agent (2003)","11"
"touching home (2008)","10"
"life is hot in cracktown (2009)","10"
"heavens fall (2006)","10"
"laurel canyon (2002)","10"
"the lake house (2006)","10"
"17 again (2009)","10"
"the girl next door (2004)","10"
"hair high (2004)","10"
"saw (2004)","10"
"wonder boys (2000)","10"
"once more with feeling (2009)","10"
"secrets of fenville (2003)","10"
"(untitled) (2009)","10"
"the grey zone (2001)","10"
"the safety of objects (2001)","10"
"fierce people (2005)","10"
"breach (2007)","10"
"turn the river (2007)","10"
"formosa betrayed (2009)","10"
"the missing person (2009)","10"
"zigzag (2002)","10"
"keeping the faith (2000)","10"
"the runaways (2010)","10"
"saw ii (2005)","10"
"walking tall (2004)","10"
"eulogy (2004)","10"
"tinker bell and the lost treasure (2009)","10"
"the big empty (2003)","10"
"griffin & phoenix (2006)","10"
"stardust (2007)","10"
"man of the year (2006)","10"
"chasing 3000 (2008)","10"
"the good night (2007)","10"
"next (2007)","10"
"the weather man (2005)","10"
"the prime gig (2000)","10"
"pumpkin (2002)","10"
"underworld: evolution (2006)","10"
"the life aquatic with steve zissou (2004)","10"
"blade ii (2002)","10"
"vanity fair (2004)","10"
"the dog problem (2006)","10"
"star wars: episode iii - revenge of the sith (2005)","10"
"neverwas (2005)","10"
"thirteen conversations about one thing (2001)","10"
"melvin goes to dinner (2003)","10"
"grandma's boy (2006)","10"
"dallas 362 (2003)","10"
"the hebrew hammer (2003)","10"
"the wackness (2008)","10"
"chromophobia (2005)","10"
"richard iii (2008)","10"
"yonkers joe (2008)","10"
"rip off church (2007)","10"
"moonlight mile (2002)","10"
"the go-getter (2007)","10"
"unthinkable (2010)","10"
"gardens of the night (2008)","10"
"shall we dance (2004)","10"
"tears of the sun (2003)","10"
"the curse of the jade scorpion (2001)","10"
"reservation road (2007)","10"
"eternal sunshine of the spotless mind (2004)","10"
"sky captain and the world of tomorrow (2004)","10"
"choose connor (2007)","10"
"the sisterhood of the traveling pants (2005)","10"
"appaloosa (2008)","10"
"step up (2006)","10"
"youth in revolt (2009)","10"
"vantage point (2008)","10"
"one last thing... (2005)","10"
"keane (2004)","10"
"flash of genius (2008)","10"
"unfaithful (2002)","10"
"hart's war (2002)","10"
"nothing like the holidays (2008)","10"
"the emperor's new groove (2000)","10"
"shallow hal (2001)","10"
"queenie in love (2001)","10"
"emmett's mark (2002)","10"
"northfork (2003)","10"
"how to kill your neighbor's dog (2000)","10"
"inkheart (2008)","10"
"pit fighters (2008)","10"
"fantastic mr. fox (2009)","10"
"crazy heart (2009)","10"
"madison (2001)","10"
"friday night lights (2004)","10"
"goal! (2005)","10"
"adventureland (2009)","10"
"transporter 2 (2005)","10"
"traitor (2008)","10"
"winter passing (2005)","10"
"valkyrie (2008)","10"
"secret window (2004)","10"
"my first mister (2001)","10"
"assassination of a high school president (2008)","10"
"birth (2004)","10"
"disturbia (2007)","10"
"silver city (2004)","10"
"the ice harvest (2005)","10"
"monster's ball (2001)","10"
"the recruit (2003)","10"
"the greatest game ever played (2005)","10"
"frida (2002)","10"
"8 mile (2002)","10"
"anything else (2003)","10"
"a serious man (2009)","9"
"children of men (2006)","9"
"the commission (2003)","9"
"a dog year (2009)","9"
"leo (2002)","9"
"spanglish (2004)","9"
"mattie fresno and the holoflux universe (2007)","9"
"the way of the gun (2000)","9"
"match point (2005)","9"
"women in trouble (2009)","9"
"you can count on me (2000)","9"
"then she found me (2007)","9"
"the last castle (2001)","9"
"employee of the month (2004)","9"
"war (2007)","9"
"city island (2009)","9"
"harsh times (2005)","9"
"space cowboys (2000)","9"
"the hunting party (2007)","9"
"humboldt county (2008)","9"
"300 (2006)","9"
"van wilder (2002)","9"
"man in the chair (2007)","9"
"the darjeeling limited (2007)","9"
"mulholland dr. (2001)","9"
"a history of violence (2005)","9"
"boys life 3 (2000)","9"
"the lookout (2007)","9"
"basic (2003)","9"
"shrek 4-d (2003)","9"
"planet 51 (2009)","9"
"pay it forward (2000)","9"
"finding forrester (2000)","9"
"awake (2007)","9"
"just peck (2009)","9"
"thumbsucker (2005)","9"
"the rocker (2008)","9"
"brokeback mountain (2005)","9"
"coffee and cigarettes (2003)","9"
"saint john of las vegas (2009)","9"
"marie antoinette (2006)","9"
"welcome to collinwood (2002)","9"
"clerks ii (2006)","9"
"the guitar (2008)","9"
"alfie (2004)","9"
"the independent (2000)","9"
"p.s. i love you (2007)","9"
"the prize winner of defiance, ohio (2005)","9"
"love and other impossible pursuits (2009)","9"
"wonderful world (2009)","9"
"the air i breathe (2007)","9"
"stark raving mad (2002)","9"
"the ultimate gift (2006)","9"
"don mckay (2009)","9"
"the cake eaters (2007)","9"
"underworld (2003)","9"
"the final season (2007)","9"
"memento (2000)","9"
"antitrust (2001)","9"
"the pursuit of happyness (2006)","9"
"human nature (2001)","9"
"where the heart is (2000)","9"
"demoted (2009)","9"
"diary of the dead (2007)","9"
"thirteen (2003)","9"
"fireflies in the garden (2008)","9"
"the affair of the necklace (2001)","9"
"the great raid (2005)","9"
"being julia (2004)","9"
"sunshine state (2002)","9"
"cassandra's dream (2007)","9"
"the hottest state (2006)","9"
"american cowslip (2009)","9"
"unconditional love (2002)","9"
"avatar (2009)","9"
"in the bedroom (2001)","9"
"pipe dream (2002)","9"
"quarantine (2008)","9"
"auggie rose (2000)","9"
"charlie and the chocolate factory (2005)","9"
"miracle (2004)","9"
"american psycho (2000)","9"
"phoebe in wonderland (2008)","9"
"death race (2008)","9"
"along came a spider (2001)","9"
"hot rod (2007)","9"
"duane hopwood (2005)","9"
"two family house (2000)","9"
"crank (2006)","9"
"grand theft parsons (2003)","9"
"the horror vault (2008)","9"
"you kill me (2007)","9"
"the tailor of panama (2001)","9"
"the sisters (2005)","9"
"open range (2003)","9"
"interstate 60: episodes of the road (2002)","9"
"the bourne identity (2002)","9"
"shoot 'em up (2007)","9"
"where the wild things are (2009)","9"
"just friends (2005)","9"
"bigger than the sky (2005)","9"
"dancer in the dark (2000)","9"
"babel (2006)","9"
"brooklyn rules (2007)","9"
"repo men (2010)","9"
"passionada (2002)","9"
"lars and the real girl (2007)","9"
"washington heights (2002)","9"
"amazing grace (2006)","9"
"swing vote (2008)","9"
"steal this movie (2000)","9"
"proof (2005)","9"
"from hell (2001)","9"
"the man from elysian fields (2001)","9"
"lions for lambs (2007)","9"
"defendor (2009)","9"
"rails & ties (2007)","9"
"scoop (2006)","9"
"11:14 (2003)","9"
"undermind (2003)","9"
"the rundown (2003)","9"
"sidewalks of new york (2001)","9"
"little children (2006)","9"
"the greatest (2009)","9"
"the fast and the furious (2001)","9"
"the da vinci code (2006)","9"
"after.life (2009)","9"
"our very own (2005)","9"
"series 7: the contenders (2001)","8"
"the sasquatch gang (2006)","8"
"the good heart (2009)","8"
"the cooler (2003)","8"
"the last samurai (2003)","8"
"bernard and doris (2006)","8"
"whip it (2009)","8"
"rock slyde (2009)","8"
"good dick (2008)","8"
"final destination 2 (2003)","8"
"once upon a time in mexico (2003)","8"
"where god left his shoes (2007)","8"
"juno (2007)","8"
"the lazarus project (2008)","8"
"day zero (2007)","8"
"king arthur (2004)","8"
"the big white (2005)","8"
"the civilization of maxwell bright (2005)","8"
"i could never be your woman (2007)","8"
"she's the man (2006)","8"
"a gentleman's game (2002)","8"
"veronika decides to die (2009)","8"
"hubert selby jr: it/ll be better tomorrow (2005)","8"
"come early morning (2006)","8"
"what we do is secret (2007)","8"
"the savages (2007)","8"
"watching the detectives (2007)","8"
"pieces of april (2003)","8"
"cypher (2002)","8"
"gracie (2007)","8"
"green zone (2010)","8"
"one hour photo (2002)","8"
"lonesome jim (2005)","8"
"the crazies (2010)","8"
"1408 (2007)","8"
"seeing other people (2004)","8"
"a home at the end of the world (2004)","8"
"waking the dead (2000)","8"
"the groomsmen (2006)","8"
"inglourious basterds (2009)","8"
"two weeks (2006)","8"
"last chance harvey (2008)","8"
"the rising place (2001)","8"
"wicker park (2004)","8"
"bamboozled (2000)","8"
"the woodsman (2004)","8"
"diggers (2006)","8"
"mr. brooks (2007)","8"
"around the bend (2004)","8"
"party monster (2003)","8"
"a single man (2009)","8"
"boys briefs 5 (2008)","8"
"all the real girls (2003)","8"
"feast of love (2007)","8"
"who is cletis tout? (2001)","8"
"clash of the titans (2010)","8"
"the lost city (2005)","8"
"after sex (2007)","8"
"zack and miri make a porno (2008)","8"
"one night at mccool's (2001)","8"
"spread (2009)","8"
"the league of gentlemen's apocalypse (2005)","8"
"hot tub time machine (2010)","8"
"wanted (2008)","8"
"shattered glass (2003)","8"
"blow dry (2001)","8"
"land of plenty (2004)","8"
"che: part two (2008)","8"
"tuck everlasting (2002)","8"
"tokyo mater (2008)","8"
"marley & me (2008)","8"
"better luck tomorrow (2002)","8"
"kissing jessica stein (2001)","8"
"as you like it (2006)","8"
"the last lullaby (2008)","8"
"love the hard way (2001)","8"
"the narrows (2008)","8"
"king kong (2005)","8"
"a good year (2006)","8"
"life during wartime (2009)","8"
"married life (2007)","8"
"shannon's rainbow (2009)","8"
"connie and carla (2004)","8"
"other voices (2000)","8"
"killer diller (2004)","8"
"otis e. (2009)","8"
"the girl in the park (2007)","8"
"slither (2006)","8"
"before night falls (2000)","8"
"management (2008)","8"
"junebug (2005)","8"
"right at your door (2006)","8"
"the boat that rocked (2009)","8"
"no such thing (2001)","8"
"ali g indahouse (2002)","8"
"dan in real life (2007)","8"
"the chronicles of narnia: the lion, the witch and the wardrobe (2005)","8"
"the road (2009)","8"
"miss pettigrew lives for a day (2008)","8"
"twelve and holding (2005)","8"
"foodfight! (2009)","8"
"10 items or less (2006)","8"
"shanghai kiss (2007)","8"
"death sentence (2007)","8"
"jack goes boating (2010)","8"
"die another day (2002)","8"
"sweeney todd: the demon barber of fleet street (2007)","8"
"lakeview terrace (2008)","8"
"local color (2006)","8"
"reefer madness: the movie musical (2005)","8"
"wrong turn at tahoe (2009)","8"
"frequency (2000)","8"
"hidalgo (2004)","8"
"dunsmore (2003)","8"
"crazy/beautiful (2001)","8"
"how to train your dragon (2010)","8"
"the yellow handkerchief (2008)","8"
"tom cool (2009)","8"
"the young victoria (2009)","8"
"arranged (2007)","8"
"rush hour 2 (2001)","8"
"speed racer (2008)","8"
"dummy (2002)","8"
"love for rent (2005)","8"
"the merchant of venice (2004)","8"
"half nelson (2006)","8"
"prop 8: the musical (2008)","8"
"about schmidt (2002)","8"
"eight below (2006)","8"
"punch-drunk love (2002)","8"
"the last new yorker (2010)","7"
"peter pan (2003)","7"
"citizen toxie: the toxic avenger iv (2000)","7"
"dinner rush (2000)","7"
"eastern promises (2007)","7"
"greenberg (2010)","7"
"music within (2007)","7"
"copying beethoven (2006)","7"
"what lies beneath (2000)","7"
"i am legend (2007)","7"
"twelve (2010)","7"
"black dynamite (2009)","7"
"blood diamond (2006)","7"
"margot at the wedding (2007)","7"
"control (2004)","7"
"return to me (2000)","7"
"breaking and entering (2006)","7"
"wendy and lucy (2008)","7"
"the jacket (2005)","7"
"inzer0 (2006)","7"
"fired up! (2009)","7"
"l.i.e. (2001)","7"
"doomsday (2008)","7"
"the deep end (2001)","7"
"trapped (2002)","7"
"final destination (2000)","7"
"ticker (2002)","7"
"the boondock saints ii: all saints day (2009)","7"
"the importance of being earnest (2002)","7"
"the whole nine yards (2000)","7"
"the dying gaul (2005)","7"
"songcatcher (2000)","7"
"k-19: the widowmaker (2002)","7"
"resident evil: extinction (2007)","7"
"what's cooking? (2000)","7"
"equilibrium (2002)","7"
"the i inside (2003)","7"
"finding nemo submarine voyage (2007)","7"
"love in the time of cholera (2007)","7"
"bambi ii (2006)","7"
"the world's fastest indian (2005)","7"
"lollilove (2004)","7"
"rendition (2007)","7"
"house of sand and fog (2003)","7"
"possession (2002)","7"
"saw vi (2009)","7"
"chain letter (2010)","7"
"saved! (2004)","7"
"piñero (2001)","7"
"chinese coffee (2000)","7"
"the chronicles of narnia: prince caspian (2008)","7"
"dirt (2003)","7"
"the last mimzy (2007)","7"
"small time crooks (2000)","7"
"the company (2003)","7"
"freedom writers (2007)","7"
"the lather effect (2006)","7"
"there will be blood (2007)","7"
"the sky is falling (2000)","7"
"nanny mcphee (2005)","7"
"the squid and the whale (2005)","7"
"quantum of solace (2008)","7"
"the family stone (2005)","7"
"zombieland (2009)","7"
"bang bang you're dead (2002)","7"
"the matador (2005)","7"
"u-571 (2000)","7"
"center stage (2000)","7"
"japan (2008)","7"
"vacancy (2007)","7"
"try seventeen (2002)","7"
"the final project (2008)","7"
"paradise (2004)","7"
"looking for an echo (2000)","7"
"the illusionist (2006)","7"
"the hurt locker (2008)","7"
"a little trip to heaven (2005)","7"
"very mean men (2000)","7"
"coffee date (2006)","7"
"the spiderwick chronicles (2008)","7"
"full grown men (2006)","7"
"charlie bartlett (2007)","7"
"a scanner darkly (2006)","7"
"nothing but the truth (2008)","7"
"martian child (2007)","7"
"levity (2003)","7"
"dante's inferno (2007)","7"
"fur: an imaginary portrait of diane arbus (2006)","7"
"american pastime (2007)","7"
"wasting away (2007)","7"
"explicit ills (2008)","7"
"good time max (2007)","7"
"open window (2006)","7"
"mean machine (2001)","7"
"mozart and the whale (2005)","7"
"imaginary witness: hollywood and the holocaust (2004)","7"
"little chenier (2006)","7"
"starting out in the evening (2007)","7"
"off the black (2006)","7"
"when zachary beaver came to town (2003)","7"
"bart got a room (2008)","7"
"psycho beach party (2000)","7"
"milwaukee, minnesota (2003)","7"
"the bucket list (2007)","7"
"the walker (2007)","7"
"personal effects (2009)","7"
"untraceable (2008)","7"
"peter and vandy (2009)","7"
"xx/xy (2002)","7"
"mr. magorium's wonder emporium (2007)","7"
"sweet land (2005)","7"
"radio (2003)","7"
"we fight to be free (2006)","7"
"casino royale (2006)","7"
"nanny mcphee and the big bang (2010)","7"
"undertow (2004)","7"
"chocolat (2000)","7"
"enigma (2001)","7"
"dead silence (2007)","7"
"loggerheads (2005)","7"
"rocky balboa (2006)","7"
"the upside of anger (2005)","7"
"lord of war (2005)","7"
"a time for dancing (2000)","7"
"henry poole is here (2008)","7"
"the good guy (2009)","7"
"chrystal (2004)","7"
"dinosaur (2000)","7"
"sunshine (2007)","7"
"like dandelion dust (2009)","7"
"under the tuscan sun (2003)","7"
"the texas chainsaw massacre (2003)","7"
"the door in the floor (2004)","7"
"mean girls (2004)","7"
"city of ember (2008)","7"
"superman returns (2006)","7"
"mamma mia! (2008)","7"
"the four feathers (2002)","7"
"the king (2005)","7"
"sherrybaby (2006)","7"
"dancing in september (2000)","7"
"united 93 (2006)","7"
"o (2001)","7"
"birds of america (2008)","7"
"secretary (2002)","7"
"brother to brother (2004)","7"
"the limits of control (2009)","7"
"ascension day (2007)","7"
"the wolfman (2010)","7"
"palindromes (2004)","7"
"men of honor (2000)","7"
"the spleenectomy (2008)","7"
"barbershop (2002)","7"
"hounddog (2007)","7"
"the broken hearts club: a romantic comedy (2000)","7"
"a knight's tale (2001)","7"
"ella enchanted (2004)","7"
"the ballad of jack and rose (2005)","7"
"were the world mine (2008)","7"
"the killing jar (2010)","7"
"the score (2001)","7"
"waitress (2007)","7"
"bully (2001)","7"
"spinning boris (2003)","7"
"in bruges (2008)","7"
"cast away (2000)","7"
"bookies (2003)","7"
"corpse bride (2005)","7"
"a perfect getaway (2009)","7"
"uncle nino (2003)","7"
"thoughtcrimes (2003)","7"
"blood work (2002)","7"
"serenity (2005)","6"
"operation homecoming: writing the wartime experience (2007)","6"
"poultrygeist: night of the chicken dead (2006)","6"
"man on fire (2004)","6"
"the jane austen book club (2007)","6"
"the phantom of the opera (2004)","6"
"seeking foreclosure (2007)","6"
"surveillance (2008)","6"
"beyond borders (2003)","6"
"casanova (2005)","6"
"akeelah and the bee (2006)","6"
"stolen summer (2002)","6"
"behind enemy lines (2001)","6"
"modigliani (2004)","6"
"sleepwalking (2008)","6"
"jersey justice (2008)","6"
"what the bleep!?: down the rabbit hole (2006)","6"
"prozac nation (2001)","6"
"ball in the house (2001)","6"
"blind ambition (2008)","6"
"beyond the sea (2004)","6"
"the mothman prophecies (2002)","6"
"the tigger movie (2000)","6"
"revolution #9 (2001)","6"
"room 10 (2006)","6"
"home of the giants (2007)","6"
"big fan (2009)","6"
"the quiet american (2002)","6"
"the amazing floydini (2004)","6"
"the time traveler's wife (2009)","6"
"mother ghost (2002)","6"
"my suicide (2009)","6"
"julia (2008)","6"
"nim's island (2008)","6"
"missing brendan (2003)","6"
"underworld: rise of the lycans (2009)","6"
"crazylove (2005)","6"
"p.s. (2004)","6"
"scottsboro: an american tragedy (2000)","6"
"calendar girls (2003)","6"
"checking out (2005)","6"
"the count of monte cristo (2002)","6"
"hard ball (2001)","6"
"australia (2008)","6"
"die, mommie, die! (2003)","6"
"love comes lately (2007)","6"
"remember me (2010)","6"
"carriers (2009)","6"
"the golden bowl (2000)","6"
"tanner hall (2009)","6"
"two soldiers (2003)","6"
"the damned united (2009)","6"
"finder's fee (2001)","6"
"americano (2005)","6"
"cutlass (2007)","6"
"in america (2002)","6"
"the education of charlie banks (2007)","6"
"manic (2001)","6"
"the darkroom (2006)","6"
"skateland (2010)","6"
"children on their birthdays (2002)","6"
"rachel getting married (2008)","6"
"the white countess (2005)","6"
"bomb the system (2002)","6"
"life is short (2006)","6"
"an american rhapsody (2001)","6"
"deadly impact (2009)","6"
"lovely, still (2008)","6"
"may (2002)","6"
"the joneses (2009)","6"
"poolhall junkies (2002)","6"
"bartleby (2001)","6"
"because of winn-dixie (2005)","6"
"the next big thing (2001)","6"
"kinky boots (2005)","6"
"steel city (2006)","6"
"visioneers (2008)","6"
"the forbidden kingdom (2008)","6"
"east broadway (2006)","6"
"on broadway (2007)","6"
"enemy at the gates (2001)","6"
"the wright stuff (2005)","6"
"the novice (2006)","6"
"conversations with other women (2005)","6"
"bruno (2000)","6"
"kid's story (2003)","6"
"miss congeniality (2000)","6"
"american skin 2: eagles gathering (2005)","6"
"shooting vegetarians (2005)","6"
"monster house (2006)","6"
"hotel rwanda (2004)","6"
"the orphan king (2005)","6"
"freaky friday (2003)","6"
"red (2008)","6"
"middle of nowhere (2008)","6"
"flight of the phoenix (2004)","6"
"star trek: nemesis (2002)","6"
"the three burials of melquiades estrada (2005)","6"
"the beautiful country (2004)","6"
"the poker house (2008)","6"
"moulin rouge! (2001)","6"
"friendship! (2010)","6"
"an unfinished life (2005)","6"
"final flight of the osiris (2003)","6"
"how to rob a bank (2007)","6"
"shanghai knights (2003)","6"
"poster boy (2004)","6"
"take the lead (2006)","6"
"deadgirl (2008)","6"
"penelope (2006)","6"
"in the land of women (2007)","6"
"miss potter (2006)","6"
"plots with a view (2002)","6"
"brown sugar (2002)","6"
"the second renaissance part ii (2003)","6"
"memoirs of a geisha (2005)","6"
"venus & vegas (2009)","6"
"frailty (2001)","6"
"bare knuckles (2009)","6"
"just like the son (2006)","6"
"life as a house (2001)","6"
"the 2 bobs (2009)","6"
"speak (2004)","6"
"get low (2009)","6"
"the other boleyn girl (2008)","6"
"sherlock holmes (2009)","6"
"american fusion (2005)","6"
"the invisible (2007)","6"
"afterschool (2008)","6"
"elephant (2003)","6"
"the hungry ghosts (2009)","6"
"super troopers (2001)","6"
"the vicious kind (2009)","6"
"outlander (2008)","6"
"bgfatldy (2008)","6"
"nobody's baby (2001)","6"
"desert saints (2002)","6"
"de-lovely (2004)","6"
"ash tuesday (2003)","6"
"not since you (2009)","6"
"two lovers (2008)","6"
"me and orson welles (2008)","6"
"the dangerous lives of altar boys (2002)","6"
"the cat's meow (2001)","6"
"bella (2006)","6"
"the weight of water (2000)","6"
"quills (2000)","6"
"a plumm summer (2007)","6"
"crime and punishment (2002)","6"
"everyday people (2004)","6"
"rescue dawn (2006)","6"
"tully (2000)","6"
"push (2009)","6"
"casa de los babys (2003)","6"
"grace is gone (2007)","6"
"below (2002)","6"
"ned kelly (2003)","6"
"bend it like beckham (2002)","6"
"elvis and anabelle (2007)","6"
"nobody (2009)","6"
"rocket science (2007)","6"
"panic room (2002)","6"
"wild girls gone (2007)","6"
"orphan (2009)","6"
"the hills have eyes (2006)","6"
"good advice (2001)","6"
"a walk to remember (2002)","6"
"my dog skip (2000)","6"
"the mummy returns (2001)","6"
"king of california (2007)","6"
"blue valentine (2010)","6"
"special (2003)","6"
"the madagascar penguins in a christmas caper (2005)","6"
"sorry, haters (2005)","6"
"believe in me (2006)","6"
"shadow of the vampire (2000)","6"
"fay grim (2006)","6"
"i sell the dead (2008)","6"
"love object (2003)","6"
"the waiter (2010)","6"
"goodbye baby (2007)","5"
"sordid lives (2000)","5"
"peaceful warrior (2006)","5"
"rivals (2003)","5"
"mirrors (2008)","5"
"hustle & flow (2005)","5"
"the secret life of bees (2008)","5"
"terminator 3: rise of the machines (2003)","5"
"lovely by surprise (2007)","5"
"the code conspiracy (2001)","5"
"the skeptic (2009)","5"
"the chubbchubbs save xmas (2007)","5"
"30 days of night (2007)","5"
"love is the drug (2006)","5"
"everything put together (2000)","5"
"graduation (2007)","5"
"waking life (2001)","5"
"the pre nup (2007)","5"
"the living wake (2007)","5"
"robin's big date (2005)","5"
"john john in the sky (2000)","5"
"paper man (2009)","5"
"lymelife (2008)","5"
"baby boy (2001)","5"
"fixing rhonda (2008)","5"
"the last house on the left (2009)","5"
"blackballed: the bobby dukes story (2004)","5"
"proof of life (2000)","5"
"narc (2002)","5"
"hare and loathing in las vegas (2004)","5"
"dress rehearsal (2006)","5"
"trucker (2008)","5"
"the house of mirth (2000)","5"
"the legend of sasquatch (2006)","5"
"pissed (2005)","5"
"the good humor man (2005)","5"
"goodnight, joseph parker (2004)","5"
"la misma luna (2007)","5"
"one point o (2004)","5"
"transamerica (2005)","5"
"tortilla soup (2001)","5"
"multiple sarcasms (2010)","5"
"blind dating (2006)","5"
"pandorum (2009)","5"
"diamond men (2000)","5"
"cock-a-doodle-duel (2003)","5"
"aqua teen hunger force colon movie film for theaters (2007)","5"
"sunshine (2008)","5"
"chloe (2009)","5"
"tekken (2010)","5"
"coraline (2009)","5"
"easy rider: the ride back (2009)","5"
"honeydripper (2007)","5"
"happythankyoumoreplease (2010)","5"
"pitch black (2000)","5"
"weather girl (2009)","5"
"girlfight (2000)","5"
"ken park (2002)","5"
"cherish (2002)","5"
"charlie valentine (2009)","5"
"willard (2003)","5"
"missing in america (2005)","5"
"urbania (2000)","5"
"the angel doll (2002)","5"
"the golden boys (2008)","5"
"signals (2008)","5"
"rosencrantz and guildenstern are undead (2009)","5"
"goya's ghosts (2006)","5"
"la premiere (2009)","5"
"me and you and everyone we know (2005)","5"
"look (2007)","5"
"brick (2005)","5"
"harmony and me (2009)","5"
"immigrants (l.a. dolce vita) (2008)","5"
"the lion of judah (2010)","5"
"master and commander: the far side of the world (2003)","5"
"all over the guy (2001)","5"
"days of wrath (2008)","5"
"the ruins (2008)","5"
"mindhunters (2004)","5"
"playing mona lisa (2000)","5"
"high heels and low lifes (2001)","5"
"self medicated (2005)","5"
"replay (2003)","5"
"a mighty heart (2007)","5"
"one night with the king (2006)","5"
"rounding first (2005)","5"
"bridget (2002)","5"
"santa croce (2007)","5"
"the last romantic (2006)","5"
"meet the robinsons (2007)","5"
"forever strong (2008)","5"
"brüno (2009)","5"
"my friend's love affair (2001)","5"
"unbeatable harold (2006)","5"
"atlantis: the lost empire (2001)","5"
"nine (2009)","5"
"a foreign affair (2003)","5"
"cake: a wedding story (2007)","5"
"signs (2002)","5"
"the poughkeepsie tapes (2007)","5"
"bubba ho-tep (2002)","5"
"earth (2007)","5"
"trick 'r treat (2008)","5"
"roger dodger (2002)","5"
"one way to valhalla (2009)","5"
"the reader (2008)","5"
"the gray man (2007)","5"
"trailer for a remake of gore vidal's caligula (2005)","5"
"danny the dog (2005)","5"
"next day air (2009)","5"
"leap year (2010)","5"
"smart people (2008)","5"
"love & sex (2000)","5"
"the burning plain (2008)","5"
"world record (2003)","5"
"the fix (2005)","5"
"tristan + isolde (2006)","5"
"chinaman's chance (2008)","5"
"the sensation of sight (2006)","5"
"session 9 (2001)","5"
"what is it? (2005)","5"
"nail polish (2006)","5"
"bride & prejudice (2004)","5"
"my big fat greek wedding (2002)","5"
"my generation g... g... gap (2003)","5"
"dreamland (2006)","5"
"apartment #5c (2002)","5"
"kabluey (2007)","5"
"tibet: cry of the snow lion (2002)","5"
"play the game (2008)","5"
"greta (2009)","5"
"kalamazoo? (2006)","5"
"love & basketball (2000)","5"
"the guilty (2000)","5"
"the second renaissance part i (2003)","5"
"forty shades of blue (2005)","5"
"the favor (2007)","5"
"lockdown (2000)","5"
"now you know (2002)","5"
"good cop, bad cop (2006)","5"
"the strip (2009)","5"
"a rumor of angels (2000)","5"
"boys to men (2001)","5"
"silent hill (2006)","5"
"a talent for trouble (2008)","5"
"nanking (2007)","5"
"made-up (2002)","5"
"don't let me drown (2009)","5"
"solaris (2002)","5"
"straight-jacket (2004)","5"
"aurora borealis (2005)","5"
"club soda (2006)","5"
"adventures in homeschooling (2004)","5"
"never back down (2008)","5"
"sinners & saints (2010)","5"
"acts of violence (2008)","5"
"shanghai noon (2000)","5"
"the frank anderson (2006)","5"
"funny games u.s. (2007)","5"
"the mudge boy (2003)","5"
"american gun (2002)","5"
"a shot at glory (2000)","5"
"go go tales (2007)","5"
"the painted veil (2006)","5"
"night catches us (2010)","5"
"team america: world police (2004)","5"
"skipped parts (2000)","5"
"land of the blind (2006)","5"
"spoken word (2009)","5"
"end of the spear (2005)","5"
"adventures of power (2008)","5"
"hurricane on the bayou (2006)","5"
"draw (2008)","5"
"paid in full (2002)","5"
"my sexiest year (2007)","5"
"lost in translation (2003)","5"
"brother (2000)","5"
"the night we called it a day (2003)","5"
"chicago overcoat (2009)","5"
"rso [registered sex offender ] (2008)","5"
"tadpole (2002)","5"
"particles of truth (2003)","5"
"turntable (2005)","5"
"lightbulb (2009)","5"
"civic duty (2006)","5"
"lassie (2005)","5"
"otis (2008)","5"
"the nativity story (2006)","5"
"panic (2000)","5"
"the fourth kind (2009)","5"
"canvas (2006)","4"
"the lost cause (2004)","4"
"beat the devil (2002)","4"
"napoleon dynamite (2004)","4"
"a lobster tale (2006)","4"
"the procedure (2007)","4"
"blood and bone (2009)","4"
"my name is bruce (2007)","4"
"no pain no gain (2007)","4"
"brooklyn lobster (2005)","4"
"love, ludlow (2005)","4"
"repo chick (2009)","4"
"preacher's kid (2010)","4"
"the stoning of soraya m. (2008)","4"
"wherever you are (2008)","4"
"saving shiloh (2006)","4"
"the storyteller (2005)","4"
"p2 (2007)","4"
"the failures (2003)","4"
"kaubôi bibappu: tengoku no tobira (2001)","4"
"nicky's game (2005)","4"
"leaving barstow (2008)","4"
"the half life of timofey berezin (2006)","4"
"perfume: the story of a murderer (2006)","4"
"expired (2007)","4"
"in the wrong hands (2002)","4"
"maze (2000)","4"
"raving (2007)","4"
"the beverages (2008)","4"
"sydney white (2007)","4"
"frozen river (2008)","4"
"just a dream (2002)","4"
"prey for rock & roll (2003)","4"
"a happy ending (2005)","4"
"down from the mountain (2000)","4"
"under suspicion (2000)","4"
"all roads lead home (2008)","4"
"precious: based on the novel push by sapphire (2009)","4"
"mockingbird don't sing (2001)","4"
"hard four (2007)","4"
"a jersey christmas (2008)","4"
"hard scrambled (2006)","4"
"puccini for beginners (2006)","4"
"drum (2004)","4"
"about a boy (2002)","4"
"we don't live here anymore (2004)","4"
"magnus, inc. (2007)","4"
"emilio (2008)","4"
"how to hook up your home theater (2007)","4"
"american primitive (2008)","4"
"honey trap (2005)","4"
"animated american (2008)","4"
"crime spree (2003)","4"
"zathura: a space adventure (2005)","4"
"mean creek (2004)","4"
"swimming (2000)","4"
"the guys (2002)","4"
"the road to graceland (2001)","4"
"never forever (2007)","4"
"go-go guy (2006)","4"
"the bleeding (2009)","4"
"ondine (2009)","4"
"flossin (2001)","4"
"tickling leo (2009)","4"
"in the realms of the unreal (2004)","4"
"comedian (2002)","4"
"axegrinder (2006)","4"
"the art of travel (2008)","4"
"bridge to terabithia (2007)","4"
"willoughby (2007)","4"
"garden party (2008)","4"
"the king is alive (2000)","4"
"dandelion (2004)","4"
"the unsaid (2001)","4"
"villa nova (2008)","4"
"spirit: stallion of the cimarron (2002)","4"
"the last 15 (2007)","4"
"friends & lovers: the ski trip 2 (2008)","4"
"little secrets (2001)","4"
"scary movie (2000)","4"
"red roses and petrol (2003)","4"
"potheads: the movie (2005)","4"
"stuck (2007)","4"
"he was a quiet man (2007)","4"
"return to babylon (2008)","4"
"what alice found (2003)","4"
"powder keg (2001)","4"
"guarding eddy (2004)","4"
"diary of a wimpy kid (2010)","4"
"max (2005)","4"
"liberty kid (2007)","4"
"satan hates you (2009)","4"
"bust a move (2000)","4"
"the last miracle (2006)","4"
"broken arrows (2007)","4"
"duma (2005)","4"
"julie johnson (2001)","4"
"level 26: dark origins (2009)","4"
"behind the red door (2003)","4"
"outta sync (2006)","4"
"latter days (2003)","4"
"double parked (2000)","4"
"shooting livien (2005)","4"
"the war within (2005)","4"
"broke sky (2007)","4"
"come away home (2005)","4"
"abbey of thelema (2007)","4"
"saddle up with dick wrangler & injun joe (2009)","4"
"reservations (2008)","4"
"devil's grove (2007)","4"
"grasshopper (2006)","4"
"the boynton beach bereavement club (2005)","4"
"amber (2004)","4"
"heartlands (2002)","4"
"boxboarders! (2007)","4"
"easier with practice (2009)","4"
"white noise 2: the light (2007)","4"
"the red machine (2009)","4"
"jails, hospitals & hip-hop (2000)","4"
"saving face (2004)","4"
"a good woman (2004)","4"
"a year and a day (2005)","4"
"high falls (2007)","4"
"the man in the silo (2008)","4"
"zombie farm (2007)","4"
"woman in burka (2008)","4"
"what's up, scarlet? (2005)","4"
"another harvest moon (2009)","4"
"five fingers (2006)","4"
"a dance for bethany (2007)","4"
"death, can i buy you a drink? (2004)","4"
"herman u.s.a. (2001)","4"
"the bride wore blood: a contemporary western (2006)","4"
"road to the altar (2009)","4"
"black snake moan (2006)","4"
"razor sharp (2006)","4"
"factotum (2005)","4"
"fields of freedom (2006)","4"
"the perfect stranger (2005)","4"
"the wizard of west chester (2007)","4"
"across the hall (2009)","4"
"shackleton's antarctic adventure (2001)","4"
"sleuth (2007)","4"
"breach (2004)","4"
"farm sluts (2003)","4"
"daybreakers (2009)","4"
"happy hour (2003)","4"
"off the map (2003)","4"
"the business of strangers (2001)","4"
"pooh's heffalump movie (2005)","4"
"invictus (2009)","4"
"tomorrow is today (2006)","4"
"little manhattan (2005)","4"
"greenfingers (2000)","4"
"cherry (2010)","4"
"birthday girl (2001)","4"
"convention (2008)","4"
"to end all wars (2001)","4"
"ordinary decent criminal (2000)","4"
"way off broadway (2001)","4"
"closing the ring (2007)","4"
"hubert's brain (2001)","4"
"ninja assassin (2009)","4"
"she's out of my league (2010)","4"
"the no sit list (2008)","4"
"acts of worship (2001)","4"
"war eagle, arkansas (2007)","4"
"tupac: resurrection (2003)","4"
"in search of peace (2001)","4"
"infestation (2009)","4"
"the kids are all right (2010)","4"
"the karaoke king (2007)","4"
"prank (2008)","4"
"how the garcia girls spent their summer (2005)","4"
"zombie prom (2006)","4"
"leaf (2008)","4"
"almost salinas (2001)","4"
"wrigley (2004)","4"
"little fish, strange pond (2009)","4"
"the 27 club (2008)","4"
"saving angelo (2007)","4"
"the american astronaut (2001)","4"
"my wife is retarded (2007)","4"
"looking for sunday (2006)","4"
"invincible (2001)","4"
"the final cut (2004)","4"
"john's hand (2008)","4"
"fairy tale police (2008)","4"
"mail order wife (2004)","4"
"haiku tunnel (2001)","4"
"american fork (2007)","4"
"the village barbershop (2008)","4"
"the flyboys (2008)","4"
"tin can shinny (2003)","4"
"winter's bone (2010)","4"
"run leia run (2003)","4"
"veronica guerin (2003)","4"
"redacted (2007)","4"
"remembering phil (2008)","4"
"of boys and men (2008)","4"
"the best man (2005)","4"
"evelyn (2002)","4"
"someone's knocking at the door (2009)","4"
"punisher: war zone (2008)","4"
"the lost skeleton returns again (2009)","4"
"the water horse (2007)","4"
"say it in russian (2007)","4"
"the new tenants (2009)","4"
"bonneville (2006)","4"
"the fever (2004)","4"
"see jane run (2001)","4"
"sissy frenchfry (2005)","4"
"the monday before thanksgiving (2008)","4"
"agent crush (2008)","4"
"pesticide (2008)","4"
"smashing stereotypes (2005)","4"
"forecast (2007)","4"
"ark (2004)","4"
"gran torino (2008)","4"
"kings of the evening (2008)","4"
"the transporter (2002)","4"
"bug (2006)","4"
"world's greatest dad (2009)","4"
"3 backyards (2010)","4"
"jailbait (2004)","4"
"o jerusalem (2006)","4"
"gangstas (2007)","4"
"dot the i (2003)","4"
"hacks (2002)","4"
"certainly not a fairytale (2003)","4"
"into temptation (2009)","4"
"the collection (2005)","4"
"maria full of grace (2004)","4"
"islander (2006)","4"
"the thing about my folks (2005)","4"
"local boys (2002)","4"
"glorious mail (2005)","4"
"manito (2002)","4"
"september 12th (2008)","4"
"shoot on sight (2007)","4"
"blue car (2002)","3"
"murdoch: the beginning (2009)","3"
"dreaming of julia (2003)","3"
"bandslam (2009)","3"
"michael jordan to the max (2000)","3"
"only the brave (2006)","3"
"the hitman (2008)","3"
"behaving badly (2009)","3"
"shadow of a candle (2008)","3"
"paraiso travel (2008)","3"
"buddy 'n' andy (2008)","3"
"end of the century (2003)","3"
"love and honor (2007)","3"
"eli's liquor store (2007)","3"
"polynesian power (2005)","3"
"the testimony of taliesin jones (2000)","3"
"the mandala maker (2009)","3"
"the tiffany problem (2008)","3"
"2081 (2009)","3"
"watercolors (2008)","3"
"dinosaurs alive (2007)","3"
"mickey (2004)","3"
"ocean of pearls (2008)","3"
"prince among slaves (2007)","3"
"the weather underground (2002)","3"
"the trouble with dee dee (2005)","3"
"tic (2010)","3"
"ivansxtc (2000)","3"
"the book of caleb (2008)","3"
"the quiet (2005)","3"
"the last passport (2009)","3"
"lost (2004)","3"
"zeppo: sinners from beyond the moon! (2007)","3"
"rebel studz: the uncensored documentary (2007)","3"
"mort (2005)","3"
"in the eyes of a killer (2009)","3"
"hostage (2002)","3"
"serial (2007)","3"
"scheme c6 (2001)","3"
"curt's brain (2006)","3"
"the cutting room (2001)","3"
"entry level (2007)","3"
"barstow 2008 (2001)","3"
"buy it now (2005)","3"
"shtickmen (2003)","3"
"biglove (2001)","3"
"the brazen bull (2009)","3"
"the silencing (2000)","3"
"the gateway arch: a reflection of america (2006)","3"
"derek & simon: a bee and a cigarette (2006)","3"
"the broken hearts club (2009)","3"
"lost in la mancha (2002)","3"
"museum scream (2003)","3"
"knowing (2009)","3"
"man of god (2005)","3"
"this man's life (2008)","3"
"when strangers appear (2001)","3"
"the mostly unfabulous social life of ethan green (2005)","3"
"lenexa, 1 mile (2006)","3"
"friends and family (2001)","3"
"lip service (2001)","3"
"garbo (2005)","3"
"the hidden wars of desert storm (2001)","3"
"trust me (2007)","3"
"american style (2008)","3"
"catch a fire (2006)","3"
"imagining argentina (2003)","3"
"the keeper: the legend of omar khayyam (2005)","3"
"blood night (2009)","3"
"lost/found (2003)","3"
"disneyland: the first 50 magical years (2005)","3"
"flyboys (2006)","3"
"bought & sold (2003)","3"
"the champ (2006)","3"
"around june (2008)","3"
"mister lonely (2007)","3"
"lbs. (2004)","3"
"i am josh polonski's brother (2001)","3"
"my little pony: reign of buttercup sprinkles (2009)","3"
"junkyard dog (2009)","3"
"the curiosity of chance (2006)","3"
"a perfect place (2008)","3"
"illusion (2004)","3"
"dream boy (2008)","3"
"the big bad swim (2006)","3"
"trunk (2008)","3"
"theodore (2009)","3"
"la mission (2009)","3"
"julie walking home (2002)","3"
"bum runner (2002)","3"
"our song (2000)","3"
"girrl (2007)","3"
"howard zinn: you can't be neutral on a moving train (2004)","3"
"fairies (2003)","3"
"the landlord (2007)","3"
"unprecedented: the 2000 presidential election (2002)","3"
"this is what democracy looks like (2000)","3"
"ceremonies of the horsemen (2009)","3"
"10 attitudes (2001)","3"
"shanghai ghetto (2002)","3"
"her summer (2004)","3"
"heads n tailz (2005)","3"
"tick tock (2000)","3"
"the project (2008)","3"
"god grew tired of us: the story of lost boys of sudan (2006)","3"
"the assistants (2009)","3"
"god sleeps in rwanda (2005)","3"
"a detective story (2003)","3"
"hostage: a love story (2009)","3"
"give 'em hell, malone (2009)","3"
"paragraph 175 (2000)","3"
"quinceañera (2006)","3"
"great world of sound (2007)","3"
"grounds zero (2006)","3"
"behind the mask (2003)","3"
"an everlasting piece (2000)","3"
"billy's dad is a fudge-packer (2004)","3"
"the strangers (2008)","3"
"drunkboat (2007)","3"
"misconceptions (2008)","3"
"land of the free? (2004)","3"
"parting words (2008)","3"
"futbaal: the price of dreams (2007)","3"
"four more years of vader (2005)","3"
"deep sea (2006)","3"
"the shape of things (2003)","3"
"snipes (2001)","3"
"a piece of pie (2006)","3"
"the black facade (2008)","3"
"kill me later (2001)","3"
"the negro zone (2003)","3"
"chicken party (2003)","3"
"ice princess (2005)","3"
"that's the name of that tune (2007)","3"
"tears of a clown (2005)","3"
"constantine's sword (2007)","3"
"we are the world: inside the world (2005)","3"
"cliché (2003)","3"
"ashes and snow (2005)","3"
"hungry hearts (2002)","3"
"imagine me & you (2005)","3"
"sarah silverman: jesus is magic (2005)","3"
"stranger than fiction (2000)","3"
"nerd hunter 3004 (2004)","3"
"2001 maniacs: field of screams (2010)","3"
"truly blessed (2009)","3"
"star power (2007)","3"
"arctic tale (2007)","3"
"string theory (2002)","3"
"secret santa (2002)","3"
"edges of the lord (2001)","3"
"he got billz (2005)","3"
"jedi gym (2008)","3"
"witch hunt (2008)","3"
"hedwig and the angry inch (2001)","3"
"falling awake (2009)","3"
"the last tomorrow (2007)","3"
"follow the prophet (2009)","3"
"outsourced (2006)","3"
"truth in 24 (2008)","3"
"legwork (2002)","3"
"seventy-8 (2004)","3"
"harmonic distortion (2002)","3"
"on native soil (2006)","3"
"don't fade away (2010)","3"
"stuey (2003)","3"
"china: the panda adventure (2001)","3"
"mojave phone booth (2006)","3"
"hooligans (2005)","3"
"reservations (2003)","3"
"a clear view (2005)","3"
"forgotten (2009)","3"
"the strange case of salman abd al haqq (2007)","3"
"face (2002)","3"
"soul flyers (2008)","3"
"who killed the idea? (2003)","3"
"the stickup (2002)","3"
"borat: cultural learnings of america for make benefit glorious nation of kazakhstan (2006)","3"
"full disclosure (2005)","3"
"tom goes to the mayor returns (2003)","3"
"careful what you wish for (2004)","3"
"jump tomorrow (2001)","3"
"a world full of dreams (2007)","3"
"looking at animals (2009)","3"
"the boy in the striped pyjamas (2008)","3"
"italian pasta (2008)","3"
"evil angel (2009)","3"
"go get some rosemary (2009)","3"
"stroke (2000)","3"
"behind the mask: the rise of leslie vernon (2006)","3"
"comeback season (2006)","3"
"faded (2005)","3"
"chloe (2005)","3"
"the haunting of seaside (2007)","3"
"texas fortune (2005)","3"
"disconnected (2002)","3"
"lost angels (2009)","3"
"inside deep throat (2005)","3"
"patch (2005)","3"
"the oil factor: behind the war on terror (2005)","3"
"persepolis (2007)","3"
"i'll be there (2003)","3"
"mvp (2003)","3"
"the tao of steve (2000)","3"
"tape (2001)","3"
"american chai (2001)","3"
"ballets russes (2005)","3"
"streakers (2004)","3"
"along the way (2007)","3"
"lego: the adventures of clutch powers (2010)","3"
"the honorable (2002)","3"
"boppin' at the glue factory (2009)","3"
"the grand design (2007)","3"
"brothers incorporated (2009)","3"
"harvest of redemption (2007)","3"
"dale (2007)","3"
"just one of the gynos (2008)","3"
"shades (2004)","3"
"program (2003)","3"
"six thugs (2006)","3"
"boys night out (2003)","3"
"rocky road (2001)","3"
"the man from earth (2007)","3"
"governmentia (2005)","3"
"the life guard man (2008)","3"
"duck, duck, goose! (2005)","3"
"the road to canyon lake (2005)","3"
"matters of life and death (2007)","3"
"chasing tchaikovsky (2007)","3"
"white on rice (2009)","3"
"death at a funeral (2007)","3"
"wrestling with angels: playwright tony kushner (2006)","3"
"boys of summerville (2008)","3"
"need (2005)","3"
"the almost guys (2004)","3"
"the unlikely's (2007)","3"
"youth without youth (2007)","3"
"the crooked eye (2009)","3"
"a couple of white chicks at the hairdresser (2007)","3"
"prisoner of paradise (2002)","3"
"killer biker chicks (2009)","3"
"resurrection: the j.r. richard story (2005)","3"
"chasing sleep (2000)","3"
"the blue tooth virgin (2008)","3"
"hotel chevalier (2007)","3"
"underground (2003)","3"
"the election (2007)","3"
"zoe loses it (2000)","3"
"hyper (2002)","3"
"the perfect gift (2009)","3"
"everything's jake (2000)","3"
"delaney (2008)","3"
"arc (2006)","3"
"the persistence of dreams (2005)","3"
"letters from iwo jima (2006)","3"
"diva dog: pit bull on wheels (2005)","3"
"placebo (2008)","3"
"the lost skeleton of cadavra (2001)","3"
"four 1 liberation front (2008)","3"
"cuttin da mustard (2008)","3"
"amexicano (2007)","3"
"some body (2001)","3"
"attitude (2003)","3"
"ripley's game (2002)","3"
"demption (2008)","3"
"blue hill avenue (2001)","3"
"i'm king kong!: the exploits of merian c. cooper (2005)","3"
"how you look to me (2005)","3"
"war made easy: how presidents & pundits keep spinning us to death (2007)","3"
"once upon a jedi (2004)","3"
"the house of the devil (2009)","3"
"american identity (2007)","3"
"the disappearance of jenna matheson (2007)","3"
"little big top (2006)","3"
"fist in the eye (2006)","3"
"older than america (2008)","3"
"big bad love (2001)","3"
"being michael madsen (2007)","3"
"cryptic (2009)","3"
"9a (2006)","3"
"trigger happy (2001)","3"
"sunfax territory (2009)","3"
"mama, i want to sing! (2009)","3"
"university heights (2004)","3"
"the people v. leo frank (2009)","3"
"before sunset (2004)","3"
"adam resurrected (2008)","3"
"ping pong playa (2007)","3"
"december ends (2006)","3"
"holly (2006)","3"
"michael's hearing problem (2007)","3"
"anderson's cross (2007)","3"
"tamo i ovde (2009)","3"
"blood feast 2: all u can eat (2002)","3"
"red betsy (2003)","3"
"carts (2007)","3"
"nice guys finish last (2001)","3"
"gerry (2002)","3"
"the event (2003)","3"
"causality (2004)","3"
"blue state (2007)","3"
"the kite runner (2007)","3"
"3:52 (2005)","3"
"fastback (2005)","3"
"brat 2 (2000)","3"
"three days of rain (2002)","3"
"chloe's prayer (2006)","3"
"splice (2009)","3"
"zora neale hurston: jump at the sun (2008)","3"
"sir! no sir! (2005)","3"
"we married margo (2000)","3"
"the dancer upstairs (2002)","3"
"sweet friggin' daisies (2002)","3"
"the wedding video (2007)","3"
"the exploding girl (2009)","3"
"the soul of a man (2003)","3"
"damaged goods (2005)","3"
"real women have curves (2002)","3"
"dance of the dead (2008)","3"
"a uniform used to mean something... (2004)","3"
"the fall (2006)","3"
"the hunting of the president (2004)","3"
"the barrio murders (2001)","3"
"chandler hall (2005)","3"
"rogue (2007)","3"
"maryam (2002)","3"
"the secret lives of dentists (2002)","3"
"ice blues (2008)","3"
"worth (2008)","3"
"the nazi officer's wife (2003)","3"
"creative nonfiction (2009)","3"
"the 11th hour (2007)","3"
"the harimaya bridge (2009)","3"
"the man who invented the moon (2003)","3"
"rock the paint (2005)","3"
"ten: thirty one (2008)","3"
"call waiting (2004)","3"
"you got nothin' (2002)","3"
"accidents happen (2008)","3"
"in pursuit of happiness (2005)","3"
"london betty (2009)","3"
"sniper patrol 420 (2007)","3"
"you always stalk the ones you love (2002)","3"
"control (2007)","3"
"black santa's revenge (2007)","3"
"sleep dealer (2008)","3"
"struck (2008)","3"
"sweetzer (2007)","3"
"hard candy (2005)","3"
"weathered (2009)","3"
"weapon of mass destruction (2004)","3"
"equal justice (2006)","3"
"the boundary (2008)","3"
"america so beautiful (2001)","2"
"mirrormask (2005)","2"
"maestro (2004)","2"
"pee shy (2004)","2"
"old joy (2006)","2"
"malèna (2000)","2"
"seven's eleven (2004)","2"
"laying down arms (2005)","2"
"vieni via con me (2005)","2"
"kali ma (2007)","2"
"youngster (2004)","2"
"hercules in hollywood (2005)","2"
"cirque du soleil: journey of man (2000)","2"
"angus, thongs and perfect snogging (2008)","2"
"buy sell kill: a flea market story (2004)","2"
"codename: simon (2004)","2"
"the seventh circle (2008)","2"
"man overboard (2008)","2"
"in the weeds (2000)","2"
"the price of sugar (2007)","2"
"friends for life (2008)","2"
"an american letter (2006)","2"
"a study in the orientation of han sum (2006)","2"
"repo! the genetic opera (2006)","2"
"5 (2007)","2"
"tiny dancer (2006)","2"
"the cleaning lady (2005)","2"
"hum (2002)","2"
"for mature audiences only (2002)","2"
"for all mankind (2009)","2"
"jimbo's a' comin' (2002)","2"
"helen (2009)","2"
"the trident (2007)","2"
"gaydar (2002)","2"
"hobo heaven (2002)","2"
"the killing hour (2009)","2"
"the attic door (2009)","2"
"3:16 (2006)","2"
"twisted soul (2007)","2"
"mystery team (2009)","2"
"the beginning (2007)","2"
"the belly of the beast (2007)","2"
"the 17th man (2004)","2"
"the condemned (2007)","2"
"the chipotle diamonds (2005)","2"
"janie (2006)","2"
"the talent given us (2004)","2"
"on the lot (2007)","2"
"the mexican dream (2003)","2"
"scout's honor (2009)","2"
"albert fish: in sin he found salvation (2007)","2"
"stupid cupid (2006)","2"
"antibody (2008)","2"
"disquiet (2006)","2"
"infection (2005)","2"
"ribbon of sand (2008)","2"
"send in the clown (2006)","2"
"the dead link (2002)","2"
"how my dad killed dracula (2008)","2"
"bustin' down the door (2008)","2"
"maestro percival (2007)","2"
"matthew 26:17 (2005)","2"
"wormhole chasers (2008)","2"
"the phobic (2006)","2"
"cute couple (2008)","2"
"gone with the pope (2010)","2"
"nanny and the professional (2005)","2"
"happy tree friends: ski patrol (2006)","2"
"when nietzsche wept (2007)","2"
"redneck carnage (2009)","2"
"the other side of heaven (2001)","2"
"artsy fartsy (2004)","2"
"running the sahara (2008)","2"
"the art of amália (2000)","2"
"the sunday man (2007)","2"
"anacardium (2001)","2"
"saints and soldiers (2003)","2"
"into the arms of strangers: stories of the kindertransport (2000)","2"
"three long years (2003)","2"
"hindsight is 20/20... (2004)","2"
"best kept secret (2006)","2"
"lightning bug (2004)","2"
"date double (2002)","2"
"dogtown and z-boys (2001)","2"
"the end of poverty? (2008)","2"
"on the other hand, death (2008)","2"
"onion underwater (2006)","2"
"the trials of henry kissinger (2002)","2"
"bootmen (2000)","2"
"tranny mcguyver (2008)","2"
"mascara diablo (2005)","2"
"the fourth (2004)","2"
"the ties that bind (2006)","2"
"bossa nova (2000)","2"
"it's not unusual (2000)","2"
"em (2008)","2"
"bye bye sally (2009)","2"
"yasin (2006)","2"
"we believe (2009)","2"
"brown eyed girl (2001)","2"
"dawning (2009)","2"
"alias: the roughest cut (2006)","2"
"home security (2003)","2"
"addiction (2003)","2"
"quantum hoops (2007)","2"
"the blue butterfly (2004)","2"
"whose dog is it anyway? (2009)","2"
"what joan knows (2007)","2"
"what they wanted, what they got (2001)","2"
"csi:snackbar (2006)","2"
"the honeyfields (2006)","2"
"the hammer (2007)","2"
"boy-next-door (2004)","2"
"bloodbath (2007)","2"
"golden empire (2005)","2"
"black holes: the other side of infinity (2006)","2"
"luckey quarter (2005)","2"
"ctrl z (2007)","2"
"the decay of fiction (2002)","2"
"jinx! (2007)","2"
"my run (2009)","2"
"the surreal world: tatooine episode 1.5 (2001)","2"
"palo alto, ca (2007)","2"
"the korean (2008)","2"
"unsavory characters (2001)","2"
"ciao (2008)","2"
"the affidavit (2003)","2"
"the first person (2004)","2"
"for always (2004)","2"
"the penny game (2001)","2"
"the vision (2009)","2"
"dexter's laboratory: chicken scratch (2002)","2"
"the last attack of the beast (2002)","2"
"mr. dramatic (2005)","2"
"a fix (2008)","2"
"enron: the smartest guys in the room (2005)","2"
"eating out 2: sloppy seconds (2006)","2"
"midnight blue (2003)","2"
"wit's end (2005)","2"
"pee stains and other disasters (2005)","2"
"unbalanced breakfast (2009)","2"
"shotgun stories (2007)","2"
"guns, drugs and dirty money (2005)","2"
"a way with murder (2009)","2"
"an inconvenient head (2008)","2"
"cq (2001)","2"
"scumrock (2002)","2"
"investigaytion (2004)","2"
"kidnapping caitlynn (2009)","2"
"everyman's war (2009)","2"
"the fine line between cute and creepy (2002)","2"
"children of invention (2009)","2"
"why germany? (2004)","2"
"american icarus (2002)","2"
"the alps (2007)","2"
"kidnap madonna's baby (2000)","2"
"rogue 379 (2007)","2"
"undisputed ii: last man standing (2006)","2"
"laws of gambling (2005)","2"
"downsized (2008)","2"
"twilight: los angeles (2000)","2"
"god and country (2008)","2"
"truth hall (2008)","2"
"sex and the usa (2008)","2"
"livewire (2007)","2"
"die fast and quiet (2008)","2"
"the prince of light (2000)","2"
"dirty habit (2006)","2"
"rainbow's end (2005)","2"
"waste of space (2009)","2"
"states of grace (2005)","2"
"faster (2003)","2"
"the deserter (2003)","2"
"damn your eyes (2009)","2"
"secrets of the code (2006)","2"
"a beautiful life (2004)","2"
"golemata voda (2004)","2"
"room 27 (2005)","2"
"mr. warmth: the don rickles project (2007)","2"
"when you're strange (2009)","2"
"save me (2006)","2"
"red doors (2005)","2"
"festival in cannes (2001)","2"
"the eyes have it (2007)","2"
"the motel (2005)","2"
"losing lois lane (2004)","2"
"time's up! (2001)","2"
"pox (2008)","2"
"the aryan couple (2004)","2"
"george bush goes to heaven (2006)","2"
"an insomniac's nightmare (2003)","2"
"summer running: the race to cure breast cancer (2006)","2"
"store (2006)","2"
"space station 3d (2002)","2"
"the broken heart of gnocchi bolognese (2009)","2"
"buck naked arson (2001)","2"
"my brothers arms (2005)","2"
"return to innocence (2001)","2"
"sweet deadly dreams (2006)","2"
"the bill (2001)","2"
"the uninvited (2008)","2"
"a mother's promise: barack obama bio film (2008)","2"
"the lords of praxton (2006)","2"
"that night (2005)","2"
"arrested development (2003)","2"
"trail end (2007)","2"
"electronica 2 (2008)","2"
"laffit: all about winning (2006)","2"
"the last supper (2006)","2"
"wrong hollywood number (2003)","2"
"hip! edgy! quirky! (2002)","2"
"zerophilia (2005)","2"
"the flying scissors (2009)","2"
"the fort fisher hermit: the life & death of robert e. harrill (2004)","2"
"believers among us (2005)","2"
"the imposter (2008)","2"
"peripheral vision (2008)","2"
"sp!t (2006)","2"
"shadowbox (2005)","2"
"a-date (2007)","2"
"the touch (2007)","2"
"the company man (2008)","2"
"i.o.u.s.a. (2008)","2"
"40 (2002)","2"
"something in the clearing (2006)","2"
"slipdream (2005)","2"
"padre nuestro (2007)","2"
"the goldfish (2003)","2"
"the sexy chef (2002)","2"
"killer me (2001)","2"
"the devil's filmmaker: bohica (2003)","2"
"marrying god (2006)","2"
"ptown diaries (2009)","2"
"carlos castaneda: enigma of a sorcerer (2004)","2"
"breathe (2003)","2"
"leo las vegas (2005)","2"
"homefront (2005)","2"
"coral reef adventure (2003)","2"
"the indian (2007)","2"
"followers (2000)","2"
"a thousand years of good prayers (2007)","2"
"the work and the glory (2004)","2"
"the hiding place (2000)","2"
"recall (2009)","2"
"return of the ghostbusters (2007)","2"
"i can see you (2008)","2"
"down to the bone (2004)","2"
"candor city hospital (2003)","2"
"renounced (2007)","2"
"ten inch hero (2007)","2"
"nine lives (2004)","2"
"shine a light (2008)","2"
"frost (2008)","2"
"office outbreak (2006)","2"
"the scoundrel's wife (2002)","2"
"wheels (2002)","2"
"green dragon (2001)","2"
"yum yum (2008)","2"
"the others (2001)","2"
"krews (2009)","2"
"my grapefruit, my father (2004)","2"
"at day's end (2006)","2"
"the unbearable rightness of diversity (2008)","2"
"zen noir (2004)","2"
"amerikana (2001)","2"
"big heart city (2008)","2"
"the dark agent and the passing of the torch chapter 7 (2004)","2"
"hierarchy (2009)","2"
"three bullets (2009)","2"
"on the rocks (2006)","2"
"rule of three (2008)","2"
"veer (2009)","2"
"court jesters (2005)","2"
"getting rachel back (2003)","2"
"interview with the assassin (2002)","2"
"the god complex (2009)","2"
"once upon a time in the desert (2005)","2"
"blade of the king concept film (2005)","2"
"noah's arc: jumping the broom (2008)","2"
"united 300 (2007)","2"
"royal kill (2009)","2"
"requiem for billy the kid (2006)","2"
"cross bronx (2004)","2"
"eleven (2006)","2"
"chasing daylight (2004)","2"
"american beauty pie (2000)","2"
"exorcist chronicles (2007)","2"
"chuck & buck (2000)","2"
"crescent star (2005)","2"
"ever again (2006)","2"
"the path of torment (2009)","2"
"dreamkiller (2010)","2"
"i'll come running (2008)","2"
"jack rabbit (2006)","2"
"crime scene: the bobby ray summers story (2008)","2"
"hollywood (2006)","2"
"a letter to true (2004)","2"
"watch & learn (2007)","2"
"hero (2000)","2"
"grand canyon adventure: river at risk (2008)","2"
"sleeping dogs lie (2005)","2"
"easy listening (2002)","2"
"young folks (2007)","2"
"colonel kill motherfuckers (2008)","2"
"stay until tomorrow (2004)","2"
"the war prayer (2007)","2"
"help (2008)","2"
"side show (2003)","2"
"repo! the genetic opera (2008)","2"
"momma's man (2008)","2"
"kyoko (2000)","2"
"time and tide (2006)","2"
"will to power (2008)","2"
"popcorn shrimp (2001)","2"
"jericho (2000)","2"
"i think i thought (2008)","2"
"dustclouds (2007)","2"
"where eskimos live (2002)","2"
"the butterfly circus (2009)","2"
"til night (2007)","2"
"sea of dreams (2006)","2"
"axe massacre (2008)","2"
"the last guy on earth (2006)","2"
"hard pill (2005)","2"
"darkroom (2008)","2"
"frankie d (2007)","2"
"ghosts of genius (2003)","2"
"fortunate son (2004)","2"
"strange culture (2007)","2"
"buy the ticket, take the ride: hunter s. thompson on film (2006)","2"
"stick it in detroit (2008)","2"
"alleyball (2006)","2"
"a grocery story (2005)","2"
"when the sky falls (2000)","2"
"indie film adventures (2005)","2"
"dead doornails (2007)","2"
"until morning (2002)","2"
"sick puppy (2009)","2"
"cell call (2005)","2"
"the sunday morning stripper (2003)","2"
"tom's wife (2004)","2"
"do it for johnny (2007)","2"
"legion: the word made flesh (2005)","2"
"misdirected (2004)","2"
"menace (2001)","2"
"adopt a sailor (2008)","2"
"blur (2004)","2"
"the courier (2007)","2"
"resurrection county (2008)","2"
"the dot man (2008)","2"
"member (2001)","2"
"a place for my head (2006)","2"
"strictly sexual (2008)","2"
"shiner (2006)","2"
"an unlikely weapon (2008)","2"
"cave women on mars (2008)","2"
"pop foul (2006)","2"
"red bird (2005)","2"
"fighting tommy riley (2005)","2"
"sons of the rodeo (2005)","2"
"i have never forgotten you: the life & legacy of simon wiesenthal (2007)","2"
"nascar 3d: the imax experience (2004)","2"
"the wind fisherman (2007)","2"
"second guessing grandma (2008)","2"
"wtc view (2005)","2"
"standing in the shadows of motown (2002)","2"
"long time no see (2002)","2"
"crush (2000)","2"
"love is for democrats (2006)","2"
"the monster (2001)","2"
"little chicago (2005)","2"
"quake (2007)","2"
"the babysitter (2008)","2"
"chance (2002)","2"
"deadland (2009)","2"
"daydream believer (2005)","2"
"dear jimmy (2005)","2"
"front (2007)","2"
"see dick run (2009)","2"
"brooklyn force (2008)","2"
"ghosts of attica (2001)","2"
"about adam (2000)","2"
"outside (2002)","2"
"the bag man (2005)","2"
"the eyes of scott robbins (2007)","2"
"looking for jimmy (2002)","2"
"tied up (2004)","2"
"let's talk (2006)","2"
"a starbucks story (2005)","2"
"shaheed (2001)","2"
"huo yuan jia (2006)","2"
"tahiti (2003)","2"
"signage (2007)","2"
"indebted (2005)","2"
"the replacement child (2007)","2"
"terry tate, office linebacker: sensitivity training (2004)","2"
"exit through the gift shop (2010)","2"
"the virgin and the demon (2007)","2"
"monarch of the moon (2005)","2"
"fixed (2005)","2"
"man push cart (2005)","2"
"the tribe (2005)","2"
"living 'til the end (2005)","2"
"the british man vs cash dispenser (2005)","2"
"silent night, zombie night (2009)","2"
"the great year (2004)","2"
"mummies: secrets of the pharaohs (2007)","2"
"dirty oil (2009)","2"
"waiting for yvette (2008)","2"
"clancy (2009)","2"
"strawberry's letter (2001)","2"
"minty: the assassin (2008)","2"
"it might get loud (2008)","2"
"before the rains (2007)","2"
"unlikely heroes (2003)","2"
"alone with her (2006)","2"
"dirty politics (2009)","2"
"judge koan (2003)","2"
"promtroversy (2005)","2"
"stingray sam (2009)","2"
"the alyson stoner project (2009)","2"
"weak species (2009)","2"
"perils in nude modeling (2003)","2"
"chasing the lotus (2006)","2"
"oil change (2009)","2"
"diplomacy (2009)","2"
"the becoming (2006)","2"
"meridian (2002)","2"
"to save a life (2009)","2"
"deceitfully funny (2003)","2"
"ten seconds to midnight (2007)","2"
"the other side of paradise (2009)","2"
"induction (2005)","2"
"the vaudevillian (2007)","2"
"two million stupid women (2009)","2"
"jackass number two (2006)","2"
"john philip sousa gets a haircut (2007)","2"
"a jewel in the sand (2004)","2"
"august the first (2007)","2"
"the maltese murder mystery (2008)","2"
"fay in the life of dave (2006)","2"
"valentine man (2004)","2"
"voyeur (2006)","2"
"martial law 9/11: rise of the police state (2005)","2"
"the door (2005)","2"
"dalai lama renaissance (2007)","2"
"il nascondiglio (2007)","2"
"still the drums (2009)","2"
"jean claude: the gumming zombie (2009)","2"
"strange girls (2007)","2"
"the last real cowboys (2000)","2"
"christmas in the clouds (2001)","2"
"the albino code (2006)","2"
"chance (2005)","2"
"art room (2009)","2"
"sacred planet (2004)","2"
"grayson (2004)","2"
"dostana (2008)","2"
"definite maybe (2002)","2"
"excavating taylor mead (2005)","2"
"a mock time: a star trek wedding (2007)","2"
"love: the movie (2004)","2"
"prologue (2003)","2"
"living in missouri (2001)","2"
"act your age (2008)","2"
"mr. blue sky (2007)","2"
"the key (2006)","2"
"barking water (2009)","2"
"last breath (2001)","2"
"big time (2004)","2"
"morgan's last call (2009)","2"
"exploring love (2008)","2"
"p.j. (2008)","2"
"teenage dirtbag (2009)","2"
"jealous (2009)","2"
"vampire blvd. (2004)","2"
"latch key (2005)","2"
"carried away (2009)","2"
"untitled: 003-embryo (2002)","2"
"jake's corner (2008)","2"
"moving (2006)","2"
"who killed the electric car? (2006)","2"
"under the sea 3d (2009)","2"
"approval (2008)","2"
"sucker lake park (2006)","2"
"the red line (2008)","2"
"upheaval (2001)","2"
"the last job (2007)","2"
"gotham cafe (2005)","2"
"across the hall (2005)","2"
"out-of-body experience (2004)","2"
"helix (2009)","2"
"i am woody (2003)","2"
"ray of sunshine (2006)","2"
"rent: filmed live on broadway (2008)","2"
"natural disasters: forces of nature (2004)","2"
"two divorced guys in a bar (2005)","2"
"blessed is the match: the life and death of hannah senesh (2008)","2"
"the netherbeast of berm-tech industries, inc. (2004)","2"
"freddy vs ghostbusters (2004)","2"
"do geese see god? (2004)","2"
"beef (2003)","2"
"chasing happiness (2009)","2"
"paper heart (2009)","2"
"the bread, my sweet (2001)","2"
"after twilight (2005)","2"
"hemingway, the hunter of death (2001)","2"
"testify (2006)","2"
"greeley's field (2006)","2"
"east of west (2000)","2"
"gotta make them angels (2004)","2"
"the road to empire (2007)","2"
"living in walter's world (2003)","2"
"earthlings (2007)","2"
"fidel (2001)","2"
"nowhere kids (2009)","2"
"lana's rain (2004)","2"
"lucy's piano (2006)","2"
"the champ (2008)","2"
"the paul decca story (2004)","2"
"god's ears (2007)","2"
"blue gold: world water wars (2008)","2"
"silent night (2007)","2"
"arizona seaside (2007)","2"
"one blood planet (2001)","2"
"fortune hunters (2007)","2"
"interstate (2004)","2"
"sparky (2003)","2"
"big eden (2000)","2"
"happy holidays (2008)","2"
"bitch (2006)","2"
"boy culture (2006)","2"
"ride (2002)","2"
"spin (2005)","2"
"the utah murder project (2006)","2"
"singularity (2007)","2"
"the first year's a bitch (2004)","2"
"britney, baby, one more time (2002)","2"
"god's army (2000)","2"
"blue collar comedy tour: the movie (2003)","2"
"myopia (2001)","2"
"the girl next door (2007)","2"
"macau twilight (2007)","2"
"first night (2007)","2"
"harvey daggit and the devil's olives (2007)","2"
"november (2005)","2"
"le grand voyage de giovanni (2008)","2"
"the screening (2007)","2"
"long road to paradise (2001)","2"
"lance is a jerk (2006)","2"
"the editor: a man i despise (2008)","2"
"electronica (2007)","2"
"miracle mile (2004)","2"
"concert for george (2003)","2"
"brothers. dogs. and god. (2000)","2"
"mrs palfrey at the claremont (2005)","2"
"i am david (2003)","2"
"remembering november (2002)","2"
"lovers, liars and lunatics (2006)","2"
"the pleasure of being robbed (2008)","2"
"my father's love (2001)","2"
"over my dead body (2002)","2"
"back to manhattan (2005)","2"
"cremaster 3 (2002)","2"
"the profit (2001)","2"
"friends (with benefits) (2009)","2"
"bazookas: the movie (2009)","2"
"just hustle (2004)","2"
"crack kildare (2003)","2"
"quality of life (2004)","2"
"t for terrorist (2003)","2"
"orchids (2006)","2"
"the importance of blind dating (2005)","2"
"the grey (2004)","2"
"the whizzard of ow (2003)","2"
"the cancer (2003)","2"
"the cabinet of dr. caligari (2005)","2"
"hole in the paper sky (2008)","2"
"the shabbos bigfoot (2006)","2"
"monday night gig (2005)","2"
"holodomor: ukraine's genocide of 1932-33 (2008)","2"
"back up, please (2003)","2"
"made in america (2008)","2"
"last meal (2008)","2"
"generation mason (2005)","2"
"jay and seth versus the apocalypse (2007)","2"
"my father's house (2002)","2"
"henry may long (2008)","2"
"everything is illuminated (2005)","2"
"american desi (2001)","2"
"diamonds bullets & fate (2005)","2"
"pedro (2008)","2"
"lockdown (2006)","2"
"the silence of bees (2008)","2"
"christmas at maxwell's (2006)","2"
"guardian of eden (2008)","2"
"earl's your uncle (2004)","2"
"the krone experiment (2005)","2"
"other side of the road (2003)","2"
"a president to remember (2008)","2"
"mind machine (2009)","2"
"pomegranate (2005)","2"
"the duel (2006)","2"
"west 32nd (2007)","2"
"studio (2007)","2"
"pat gets a cat (2005)","2"
"jesus cooks me breakfast (2007)","2"
"package for maxwell (2007)","2"
"forever plaid (2008)","2"
"low (2008)","2"
"master of the game (2002)","2"
"missing pieces (2008)","2"
"relative obscurity (2007)","2"
"the mirror (2007)","2"
"pretty dead girl (2004)","2"
"voodoo doll (2005)","2"
"groom with a view (2007)","2"
"the gate of fallen angels (2009)","2"
"the soldier (2003)","2"
"cut (2003)","2"
"the little traitor (2007)","2"
"cathedral pines (2006)","2"
"peter's price (2005)","2"
"lock her room (2003)","2"
"cottonmouth (2009)","2"
"the things we do for love (2001)","2"
"charlie thistle (2008)","2"
"can i get a pickle? (2005)","2"
"pie wars (2004)","2"
"stop that cycle (2004)","2"
"changing spots (2006)","2"
"hate or date (2004)","2"
"reclaiming the blade (2009)","2"
"bulletface (2010)","2"
"noah's arc (2004)","2"
"for heavens sake (2002)","2"
"it's better to be wanted for murder than not to be wanted at all (2003)","2"
"the fax (2004)","2"
"center of the universe (2008)","2"
"the butler's in love (2008)","2"
"darling darling (2005)","2"
"pact (2004)","2"
"fugly (2001)","2"
"skills like this (2007)","2"
"you belong to me (2007)","2"
"the great sketch experiment (2006)","2"
"new suit (2002)","2"
"the gymnast (2006)","2"
"an inconvenient truth (2006)","2"
"you are alone (2005)","2"
"sam steele and the junior detective agency (2009)","2"
"lest we forget (2003)","2"
"a stupid movie for jerks (2007)","2"
"raising victor vargas (2002)","2"
"if only (2004)","2"
"small avalanches (2007)","2"
"emily (2004)","2"
"dolphins (2000)","2"
"offside (2001)","2"
"escanaba in da moonlight (2001)","2"
"black dragon (2003)","2"
"back to the movies (2009)","2"
"sex and justice (2008)","2"
"the capitalist (2008)","2"
"fits (2004)","2"
"roving mars (2006)","2"
"rambo (2008)","2"
"the diary (2004)","2"
"volcanoes of the deep sea (2003)","2"
"the frequency of claire (2008)","2"
"shift (2006)","2"
"the brightness you keep (2000)","2"
"the 24th day (2004)","2"
"saving sam (2007)","2"
"cordially invited (2007)","2"
"deadbox (2007)","2"
"south of no north (2009)","2"
"bitter sweet (2006)","2"
"the cheapest man in the room (2008)","2"
"the dollhouse (2007)","2"
"sarah at twelve (2002)","2"
"damn the past! (2007)","2"
"death's door (2008)","2"
"wmd: weapons of mass deception (2004)","2"
"bocce balls (2005)","2"
"no. 6 (2006)","2"
"shadow magic (2000)","2"
"harrison bergeron (2006)","2"
"four fingers of the dragon (2003)","2"
"dead horse (2004)","2"
"the speed of life (2007)","2"
"hope and play (2004)","2"
"tofu the vegan zombie in zombie dearest (2007)","2"
"the tehuacan project (2007)","2"
"a cerebral print halloween special (2004)","2"
"shortbus (2006)","2"
"grace (2003)","2"
"getting out (2002)","2"
"the bail (2002)","2"
"i remember you now... (2005)","2"
"the end of suffering (2005)","2"
"the elephant king (2006)","2"
"the tivo (2009)","2"
"alibi (2007)","2"
"fight or flight (2003)","2"
"soarin' over california (2001)","1"
"the violent kind (2002)","1"
"dan danger (2002)","1"
"silent screamplay (2003)","1"
